
======================================================================
회차 1 | 2026-09-11 17:10:32 | reranker = bge-reranker-v2-m3 (final_k=5, buffer=0)
======================================================================
[동일] E01 (Easy) baseline_rank=1 -> reranked_rank=1 | 해외 데이터 로밍 요금은 어떻게 되나요?
[개선(순위 상승)] E02 (Easy) baseline_rank=3 -> reranked_rank=2 | 휴대폰을 분실하면 어떻게 해야 하나요?
[동일] E03 (Easy) baseline_rank=1 -> reranked_rank=1 | 데이터 속도가 갑자기 느려졌어요.
[개선(순위 상승)] E04 (Easy) baseline_rank=2 -> reranked_rank=1 | 데이터 사용량을 확인하고 싶어요.
[동일] E05 (Easy) baseline_rank=1 -> reranked_rank=1 | 유심을 재발급받으려면 어떻게 하나요?
[동일] E06 (Easy) baseline_rank=1 -> reranked_rank=1 | 번호를 변경하려면 어떻게 하나요?
[동일] E07 (Easy) baseline_rank=1 -> reranked_rank=1 | 이번 달 휴대폰 요금이 너무 많이 나왔어요.
[동일] E08 (Easy) baseline_rank=1 -> reranked_rank=1 | 약정 중 해지하면 위약금이 발생하나요?
[동일] E10 (Easy) baseline_rank=1 -> reranked_rank=1 | 해외에서 데이터 로밍을 차단하고 싶어요.
[1단계 실패(후보 폭 밖, reranker 무관)] M01 (Medium) baseline_rank=10 -> reranked_rank=None | 일본에서 인터넷 좀 쓰면 추가 요금 많이 붙나요?
[동일] M02 (Medium) baseline_rank=2 -> reranked_rank=2 | 폰을 어디에 뒀는지 모르겠는데 일단 아무도 못 쓰게 하고 싶어요.
[동일] M03 (Medium) baseline_rank=1 -> reranked_rank=1 | 유튜브가 갑자기 엄청 느려졌는데 데이터를 다 쓴 걸까요?
[동일] M04 (Medium) baseline_rank=1 -> reranked_rank=1 | 이번 달 인터넷 얼마나 썼는지 어디서 봐요?
[1단계 실패(후보 폭 밖, reranker 무관)] M05 (Medium) baseline_rank=9 -> reranked_rank=None | 심카드를 잃어버려서 새 걸 받아야 할 것 같아요.
[개선(순위 상승)] M06 (Medium) baseline_rank=5 -> reranked_rank=4 | 새 폰을 샀는데 지금 쓰는 010 번호 계속 쓸 수 있나요?
[동일] M07 (Medium) baseline_rank=1 -> reranked_rank=1 | 평소에는 5만원인데 이번 달에는 10만원이 나왔어요.
[동일] M08 (Medium) baseline_rank=1 -> reranked_rank=1 | 계약 기간이 아직 남았는데 통신사를 옮기면 돈 내야 하나요?
[동일] M10 (Medium) baseline_rank=2 -> reranked_rank=2 | 해외에서는 와이파이만 쓰고 휴대폰 인터넷은 아예 꺼두고 싶어요.
[1단계 실패(후보 폭 밖, reranker 무관)] H01 (Hard) baseline_rank=9 -> reranked_rank=None | 일본 여행 가서 카톡이랑 유튜브 좀 쓰려고 하는데 그냥 쓰면 요금 많이 나오나요?
[1단계 실패(후보 폭 밖, reranker 무관)] H02 (Hard) baseline_rank=8 -> reranked_rank=None | 지하철에 폰을 두고 내린 것 같은데 누가 전화나 데이터를 못 쓰게 하고 싶어요.
[악화(순위 하락, k 안에서는 유지)] H03 (Hard) baseline_rank=1 -> reranked_rank=3 | 데이터 연결은 되어 있는데 영상이 거의 안 돌아가요. 이번 달 데이터를 다 써서 그런 건가요?
[악화(순위 하락, k 안에서는 유지)] H04 (Hard) baseline_rank=1 -> reranked_rank=2 | 유심을 잃어버려서 지금 번호 그대로 새 유심을 받아야 하는데 어떻게 하나요?
[동일] H05 (Hard) baseline_rank=1 -> reranked_rank=1 | 통신사는 그대로 쓰고 휴대폰만 새 걸로 바꿨는데 번호를 계속 쓰려면 어떻게 해야 하나요?
[동일] H06 (Hard) baseline_rank=1 -> reranked_rank=1 | 해외여행 다녀온 뒤 이번 달 통신비가 갑자기 두 배로 나왔어요. 왜 그런가요?
[개선(순위 상승)] H07 (Hard) baseline_rank=2 -> reranked_rank=1 | 중국에 가는데 호텔 와이파이만 쓰고 실수로 데이터가 켜져서 돈 나가는 것도 막고 싶어요.
[동일] H08 (Hard) baseline_rank=1 -> reranked_rank=1 | 폰은 그대로 쓸 건데 스팸 전화가 너무 와서 제 번호 자체를 바꾸고 싶습니다.
[동일] H10 (Hard) baseline_rank=1 -> reranked_rank=1 | 약정이 6개월 남았는데 번호는 유지하면서 다른 통신사로 옮기려고 합니다. 추가로 내야 할 돈이 있나요?
[동일] C01 (구어체) baseline_rank=1 -> reranked_rank=1 | eSIM이 정확히 뭔지 잘 모르겠는데 유심이랑 다른 거임?
[동일] C02 (구어체) baseline_rank=1 -> reranked_rank=1 | 자꾸 스팸 문자 오는데 이거 막을 방법 없나?
[동일] C03 (구어체) baseline_rank=1 -> reranked_rank=1 | 데이터 무제한으로 맘껏 쓸 수 있는 요금제 있음?
[동일] C04 (구어체) baseline_rank=1 -> reranked_rank=1 | 고객센터 몇 시까지 하는지 아는 사람?
[동일] C05 (구어체) baseline_rank=1 -> reranked_rank=1 | 폰 중고로 바꿔도 괜찮은 거지?
[동일] C06 (구어체) baseline_rank=1 -> reranked_rank=1 | 핫스팟 켜서 쓸 수 있는 거 맞죠?
[동일] C07 (구어체) baseline_rank=1 -> reranked_rank=1 | 청구서 메일로 받아보고 싶은데 가능해요?
[동일] C08 (구어체) baseline_rank=1 -> reranked_rank=1 | 정지된 거 다시 풀려면 어떻게 해야 되나요?
[동일] C09 (구어체) baseline_rank=1 -> reranked_rank=1 | 가족끼리 묶어서 할인받는 거 신청하려면 어떻게 함?
[동일] C10 (구어체) baseline_rank=1 -> reranked_rank=1 | 번호 바꾸면 예전 번호로 온 문자는 어떻게 되는 거예요?
[동일] T01 (오타) baseline_rank=1 -> reranked_rank=1 | 번호이동 할려면 머 해야되요
[동일] T02 (오타) baseline_rank=1 -> reranked_rank=1 | 데이타 사용량 확인하는법 알려주세요
[동일] T03 (오타) baseline_rank=1 -> reranked_rank=1 | 요금이 왜케 마니나왔조
[동일] T04 (오타) baseline_rank=1 -> reranked_rank=1 | 소액결재 차단할수있나요
[동일] T05 (오타) baseline_rank=1 -> reranked_rank=1 | 특정번호 차단하는법 알고싶어요
[동일] T06 (오타) baseline_rank=1 -> reranked_rank=1 | 약정중해지하면 위약금 잇나요
[동일] T07 (오타) baseline_rank=1 -> reranked_rank=1 | 가까운매장 어떻게찾나요
[동일] T08 (오타) baseline_rank=1 -> reranked_rank=1 | 해외데이타로밍 요금이 얼마에요
[동일] T09 (오타) baseline_rank=1 -> reranked_rank=1 | 유심이 인식이 안되요 휴대폰에서
[동일] T10 (오타) baseline_rank=1 -> reranked_rank=1 | 요금제바꾸고싶은데 어떡게하나요
[개선(순위 상승)] L01 (긴질문) baseline_rank=2 -> reranked_rank=1 | 다음 달에 유럽 여행을 가는데 거기서 인터넷을 좀 써야 할 것 같아서요. 로밍이라는 게 있다고는 들었는데 정확히 어떻게 요금이 매겨지는 건지 감이 안 와서 여쭤봐요. 데이터 요금이 어떻게 되나요?
[개선(순위 상승)] L02 (긴질문) baseline_rank=4 -> reranked_rank=2 | 어제 출근하다가 휴대폰을 잃어버렸는데 안에 유심도 들어 있고 번호는 그대로 쓰고 싶어요. 새 유심을 받을 수 있나요?
[악화(순위 하락, k 안에서는 유지)] L03 (긴질문) baseline_rank=1 -> reranked_rank=2 | 제가 지금 2년 약정으로 쓰고 있는데 아직 6개월 정도 남았거든요. 근데 갑자기 사정이 생겨서 다른 통신사로 옮겨야 할 것 같은데, 이 경우에 위약금도 내야 하고 아직 남은 할부금도 있는 걸로 아는데 이거 어떻게 처리되는 건지 자세히 알고 싶어요.
[동일] L04 (긴질문) baseline_rank=1 -> reranked_rank=1 | 제가 예전에 데이터를 다 써서 요금이 엄청 많이 나온 적이 있었거든요. 그래서 이번에는 데이터가 다 되기 전에 미리 알 수 있으면 좋겠는데, 그런 식으로 알림 받을 수 있는 방법이 있나요?
[동일] L05 (긴질문) baseline_rank=1 -> reranked_rank=1 | 최근에 최신 스마트폰으로 바꿨는데 분명히 5G 요금제를 쓰고 있는데도 화면에 계속 LTE라고만 떠서요. 설정을 잘못 만진 건지 아니면 원래 이 지역에서 5G가 안 잡히는 건지 헷갈리는데, 왜 이런 건가요?
[동일] L06 (긴질문) baseline_rank=2 -> reranked_rank=2 | 부모님 명의로 되어 있는 휴대폰을 제 명의로 바꾸고 싶은데, 절차가 복잡한지 궁금하고 혹시 두 사람이 같이 매장에 가야 하는 건지 아니면 온라인으로도 처리가 가능한 건지 알고 싶어요.
[동일] L07 (긴질문) baseline_rank=1 -> reranked_rank=1 | 저희 가족이 다 같은 통신사를 쓰고 있는데, 저는 데이터를 항상 남기고 동생은 항상 데이터가 부족해서 추가로 요금을 내고 있거든요. 이런 경우에 가족끼리 데이터를 나눠 쓸 수 있는 방법이 있는지 궁금해요.
[동일] L08 (긴질문) baseline_rank=1 -> reranked_rank=1 | 이번에 해외로 몇 달 정도 나가 있을 예정이라 그동안 휴대폰을 아예 안 쓸 것 같은데, 그렇다고 완전히 해지하기는 아까워서요. 혹시 일시적으로 사용을 멈춰두는 방법이 있고, 그 기간에도 요금이 계속 나가는 건지 궁금합니다.
[동일] L09 (긴질문) baseline_rank=1 -> reranked_rank=1 | 제 폰이 eSIM이랑 일반 유심을 둘 다 지원하는 기종이라고 들었는데, 회사폰이랑 개인폰 번호를 하나의 휴대폰으로 같이 쓰고 싶어서요. 이렇게 두 개를 동시에 활성화해서 쓰는 게 가능한 건가요?
[동일] L10 (긴질문) baseline_rank=1 -> reranked_rank=1 | 제가 매달 요금제에 포함된 데이터를 거의 다 못 쓰고 남기는 편인데, 이렇게 남는 데이터가 있으면 그냥 사라지는 건지 아니면 혹시 다음 달로 넘겨서 쓸 수 있는 그런 제도가 있는지 궁금해서 여쭤봐요.
[동일] R001 (확장) baseline_rank=1 -> reranked_rank=1 | 만 65세 이상 시니어 요금제로 변경하려면 위약금이 발생할까요?
[동일] R002 (확장) baseline_rank=1 -> reranked_rank=1 | 온라인 전용 요금제를 신청하려면 어떻게 할까요?
[동일] R003 (확장) baseline_rank=1 -> reranked_rank=1 | 5G 다이렉트 44는 약정 없이도 쓸 수 있나요?
[동일] R004 (확장) baseline_rank=1 -> reranked_rank=1 | 다이렉트 요금제는 부가통화 무제한으로 쓸 수 있나요?
[동일] R005 (확장) baseline_rank=1 -> reranked_rank=1 | 혹시 LTE 선택 요금제의 기본요금이 얼마인지 궁금해요.
[동일] R006 (확장) baseline_rank=1 -> reranked_rank=1 | 온라인 전용 요금제와 다른 요금제는 뭐가 다른가요?
[동일] R007 (확장) baseline_rank=1 -> reranked_rank=1 | 혹시 복지 감면 요금제와 다른 요금제는 뭐가 다른가요?
[동일] R008 (확장) baseline_rank=1 -> reranked_rank=1 | 혹시 온라인 전용 요금제의 기본요금이 얼마인지 궁금해요.
[동일] R009 (확장) baseline_rank=1 -> reranked_rank=1 | 혹시 시니어 전용 요금제의 기본요금이 얼마인지 궁금해요.
[동일] R010 (확장) baseline_rank=1 -> reranked_rank=1 | 5G 다이렉트 25를 신청하려면 어떻게 할까요?
[동일] R011 (확장) baseline_rank=1 -> reranked_rank=1 | 세대주 명의 이전는 처리까지 얼마나 걸리나요?
[동일] R012 (확장) baseline_rank=1 -> reranked_rank=1 | 알뜰폰에서 번호이동는 처리까지 시간이 얼마나 소요되나요?
[동일] R013 (확장) baseline_rank=1 -> reranked_rank=1 | 외국인 명의 신규가입를 취소하고 싶은데 가능한가요?
[동일] R014 (확장) baseline_rank=1 -> reranked_rank=1 | 미성년자 명의 신규가입는 처리까지 얼마나 걸리나요?
[동일] R015 (확장) baseline_rank=1 -> reranked_rank=1 | 가족 회선 추가 가입를 취소하고 싶은데 가능한가요?
[동일] R016 (확장) baseline_rank=1 -> reranked_rank=1 | 세대주 명의 이전는 어떤 절차로 진행되나요?
[동일] R017 (확장) baseline_rank=1 -> reranked_rank=1 | 세대주 명의 이전는 처리까지 시간이 얼마나 소요되나요?
[동일] R018 (확장) baseline_rank=1 -> reranked_rank=1 | 자녀 명의로 회선 개설는 처리까지 얼마나 걸리나요?
[동일] R019 (확장) baseline_rank=1 -> reranked_rank=1 | 세대주 명의 이전는 어떤 절차로 진행되나요?
[동일] R020 (확장) baseline_rank=1 -> reranked_rank=1 | 타 통신사에서 번호이동 시 필요한 서류가 가능한가요?
[동일] R021 (확장) baseline_rank=1 -> reranked_rank=1 | 혹시 듀얼 eSIM 설정 비용이 얼마나 드는지 궁금해요.
[동일] R022 (확장) baseline_rank=1 -> reranked_rank=1 | eSIM QR코드 발급는 신청 방법이 어떻게 되나요?
[동일] R023 (확장) baseline_rank=1 -> reranked_rank=1 | 혹시 유심 무료 재발급 대상는 꼭 매장에 가야만 되나요?
[동일] R024 (확장) baseline_rank=1 -> reranked_rank=1 | 유심 무료 재발급 대상는 꼭 매장에 가야만 되나요?
[악화(순위 하락, k 안에서는 유지)] R025 (확장) baseline_rank=1 -> reranked_rank=2 | eSIM 신규 발급 하고 나서 바로 쓸 수 있나요?
[동일] R026 (확장) baseline_rank=1 -> reranked_rank=1 | 유심 무료 재발급 대상 하고 나서 바로 쓸 수 있나요?
[동일] R027 (확장) baseline_rank=1 -> reranked_rank=1 | 혹시 eSIM QR코드 발급는 꼭 매장에 가야만 되나요?
[동일] R028 (확장) baseline_rank=1 -> reranked_rank=1 | eSIM QR코드 발급는 꼭 매장에 가야만 되나요?
[동일] R029 (확장) baseline_rank=1 -> reranked_rank=1 | 혹시 듀얼 eSIM 설정는 꼭 매장에 가야만 되나요?
[동일] R030 (확장) baseline_rank=1 -> reranked_rank=1 | 유심 크기(나노/마이크로) 변경는 어떤 방법으로 신청할 수 있나요?
[동일] R031 (확장) baseline_rank=1 -> reranked_rank=1 | 5G 커버리지 확인 문제가 생겼는데 어떻게 해결해야 하나요?
[동일] R032 (확장) baseline_rank=1 -> reranked_rank=1 | 특정 앱에서만 느린 데이터 속도 문제는 어떻게 해결할까요?
[동일] R033 (확장) baseline_rank=1 -> reranked_rank=1 | 혹시 와이파이 자동 전환이 잘 안 되는데 뭘 확인해봐야 하나요?
[동일] R034 (확장) baseline_rank=1 -> reranked_rank=1 | 5G 커버리지 확인 관련 설정을 바꾸려면 어디로 가야 하나요?
[동일] R035 (확장) baseline_rank=1 -> reranked_rank=1 | 데이터 로밍 자동 차단 문제는 어떻게 해결할까요?
[동일] R036 (확장) baseline_rank=1 -> reranked_rank=1 | 데이터 사용량 초과 후 속도 제한 문제는 어떻게 해결할까요?
[동일] R037 (확장) baseline_rank=1 -> reranked_rank=1 | 특정 앱에서만 느린 데이터 속도 관련 설정은 어디서 변경할까요?
[동일] R038 (확장) baseline_rank=1 -> reranked_rank=1 | 와이파이 자동 전환 문제는 어떻게 해결할까요?
[동일] R039 (확장) baseline_rank=1 -> reranked_rank=1 | 지하철에서 데이터 연결 문제는 어떻게 해결할까요?
[동일] R040 (확장) baseline_rank=1 -> reranked_rank=1 | 혹시 지하철에서 데이터 연결이 잘 안 되는데 뭘 확인해봐야 하나요?
[동일] R041 (확장) baseline_rank=1 -> reranked_rank=1 | 혹시 유럽 로밍 요금제은 얼마나 나오나요?
[동일] R042 (확장) baseline_rank=1 -> reranked_rank=1 | 환승 중 로밍 요금은 언제부터 적용이 되나요?
[동일] R043 (확장) baseline_rank=1 -> reranked_rank=1 | 환승 중 로밍 요금은 신청 방법이 궁금해요.
[동일] R044 (확장) baseline_rank=1 -> reranked_rank=1 | 일본 로밍 요금제 쓰다가 데이터를 다 쓰면 어떻게 되나요?
[동일] R045 (확장) baseline_rank=1 -> reranked_rank=1 | 로밍 데이터 무제한 상품 쓰다가 데이터를 다 쓰면 어떻게 되나요?
[동일] R046 (확장) baseline_rank=1 -> reranked_rank=1 | 혹시 일본 로밍 요금제은 얼마나 나오나요?
[동일] R047 (확장) baseline_rank=1 -> reranked_rank=1 | 혹시 동남아 로밍 요금제은 얼마나 나오나요?
[동일] R048 (확장) baseline_rank=1 -> reranked_rank=1 | 로밍 데이터 무제한 상품은 언제부터 적용될까요?
[동일] R049 (확장) baseline_rank=1 -> reranked_rank=1 | 크루즈 여행 중 로밍은 어떻게 신청할까요?
[동일] R050 (확장) baseline_rank=1 -> reranked_rank=1 | 동남아 로밍 요금제은 언제부터 적용이 되나요?
[동일] R051 (확장) baseline_rank=1 -> reranked_rank=1 | 가족 통합 청구서는 어떤 방법으로 신청할 수 있나요?
[동일] R052 (확장) baseline_rank=1 -> reranked_rank=1 | 복지 요금 감면 신청는 매달 자동으로 되는 건가요?
[동일] R053 (확장) baseline_rank=1 -> reranked_rank=1 | 가족 통합 청구서 관련해서 어디에 문의하면 되나요?
[동일] R054 (확장) baseline_rank=1 -> reranked_rank=1 | 법인 명의 청구서는 매달 자동으로 되는 건가요?
[동일] R055 (확장) baseline_rank=1 -> reranked_rank=1 | 가족 통합 청구서는 매달 자동으로 적용될까요?
[동일] R056 (확장) baseline_rank=1 -> reranked_rank=1 | 미납 요금 분할 납부는 매달 자동으로 적용될까요?
[동일] R057 (확장) baseline_rank=1 -> reranked_rank=1 | 청구서 발행일 변경 관련 문의는 어디서 할까요?
[동일] R058 (확장) baseline_rank=1 -> reranked_rank=1 | 선불 요금 충전는 신청 방법이 어떻게 되나요?
[동일] R059 (확장) baseline_rank=1 -> reranked_rank=1 | 선불 요금 충전는 어떤 방법으로 신청할 수 있나요?
[동일] R060 (확장) baseline_rank=1 -> reranked_rank=1 | 요금 할인 쿠폰 적용 관련 문의는 어디서 할까요?
[동일] R061 (확장) baseline_rank=1 -> reranked_rank=1 | 선택약정 할인 해지은 시간이 얼마나 걸리나요?
[동일] R062 (확장) baseline_rank=1 -> reranked_rank=1 | 해지 후 재가입 제한기간은 시간이 얼마나 걸리나요?
[동일] R063 (확장) baseline_rank=1 -> reranked_rank=1 | 위약금 분할 납부 할 때 조심해야 할 점이 있나요?
[동일] R064 (확장) baseline_rank=1 -> reranked_rank=1 | 미성년자 명의 해지 할 때 조심해야 할 점이 있나요?
[동일] R065 (확장) baseline_rank=1 -> reranked_rank=1 | 번호이동으로 인한 자동 해지는 어떻게 처리할까요?
[동일] R066 (확장) baseline_rank=1 -> reranked_rank=1 | 선택약정 할인 해지에는 처리까지 시간이 얼마나 소요되나요?
[동일] R067 (확장) baseline_rank=1 -> reranked_rank=1 | 해지 후 재가입 제한기간는 처리 방법이 궁금해요.
[동일] R068 (확장) baseline_rank=1 -> reranked_rank=1 | 법인 회선 해지는 처리 방법이 궁금해요.
[동일] R069 (확장) baseline_rank=1 -> reranked_rank=1 | 위약금 분할 납부에는 처리까지 시간이 얼마나 소요되나요?
[동일] R070 (확장) baseline_rank=1 -> reranked_rank=1 | 결합상품 동시 해지는 어떻게 처리할까요?
[동일] R071 (확장) baseline_rank=1 -> reranked_rank=1 | 분실폰 데이터 원격 삭제 관련해서 비용이 드는지 궁금해요.
[동일] R072 (확장) baseline_rank=1 -> reranked_rank=1 | 분실폰 원격 잠금는 어떻게 해야 하나요?
[동일] R073 (확장) baseline_rank=1 -> reranked_rank=1 | 타인이 주운 휴대폰 발견 시 신고 관련 비용이 발생할까요?
[동일] R074 (확장) baseline_rank=1 -> reranked_rank=1 | 해외에서 분실 관련해서 비용이 드는지 궁금해요.
[동일] R075 (확장) baseline_rank=1 -> reranked_rank=1 | 분실 후 보험 청구는 어떻게 해야 하나요?
[동일] R076 (확장) baseline_rank=1 -> reranked_rank=1 | 분실폰 원격 잠금는 어떻게 해야 하나요?
[동일] R077 (확장) baseline_rank=1 -> reranked_rank=1 | 분실폰 원격 잠금 관련 비용이 발생할까요?
[동일] R078 (확장) baseline_rank=1 -> reranked_rank=1 | 분실폰 원격 잠금 관련해서 비용이 드는지 궁금해요.
[동일] R079 (확장) baseline_rank=1 -> reranked_rank=1 | 해외에서 분실는 어떻게 해야 하나요?
[동일] R080 (확장) baseline_rank=1 -> reranked_rank=1 | 분실 후 보험 청구는 어떻게 해야 하나요?
[동일] R081 (확장) baseline_rank=1 -> reranked_rank=1 | 영상통화 요금는 추가로 요금이 붙나요?
[동일] R082 (확장) baseline_rank=1 -> reranked_rank=1 | 컬러링 설정는 어떤 식으로 이용하면 되나요?
[동일] R083 (확장) baseline_rank=1 -> reranked_rank=1 | 부재중 전화 알림 설정는 추가로 요금이 붙나요?
[동일] R084 (확장) baseline_rank=1 -> reranked_rank=1 | 스팸 전화 자동 차단는 어떤 식으로 이용하면 되나요?
[동일] R085 (확장) baseline_rank=1 -> reranked_rank=1 | 부재중 전화 알림 설정는 이용 방법이 궁금해요.
[동일] R086 (확장) baseline_rank=1 -> reranked_rank=1 | 부재중 전화 알림 설정는 어떤 식으로 이용하면 되나요?
[동일] R087 (확장) baseline_rank=1 -> reranked_rank=1 | 스팸 전화 자동 차단는 별도 요금이 발생할까요?
[동일] R088 (확장) baseline_rank=1 -> reranked_rank=1 | 스팸 전화 자동 차단는 이용 방법이 궁금해요.
[동일] R089 (확장) baseline_rank=1 -> reranked_rank=1 | 국제문자 발송는 어떤 식으로 이용하면 되나요?
[동일] R090 (확장) baseline_rank=1 -> reranked_rank=1 | 그룹 문자 발송 제한는 별도 요금이 발생할까요?
[동일] R091 (확장) baseline_rank=1 -> reranked_rank=1 | 본인인증 재설정는 어떤 식으로 이용하면 되나요?
[동일] R092 (확장) baseline_rank=1 -> reranked_rank=1 | 개인정보 열람 신청는 어떤 식으로 이용하면 되나요?
[동일] R093 (확장) baseline_rank=1 -> reranked_rank=1 | 청각장애인 전용 상담는 이용 방법이 궁금해요.
[동일] R094 (확장) baseline_rank=1 -> reranked_rank=1 | 영상 상담 서비스는 어떤 식으로 이용하면 되나요?
[동일] R095 (확장) baseline_rank=1 -> reranked_rank=1 | 카카오톡 상담 운영시간이 궁금해요.
[동일] R096 (확장) baseline_rank=1 -> reranked_rank=1 | 챗봇 상담 운영시간은 어떻게 될까요?
[동일] R097 (확장) baseline_rank=1 -> reranked_rank=1 | 챗봇 상담 운영시간이 궁금해요.
[동일] R098 (확장) baseline_rank=1 -> reranked_rank=1 | 영상 상담 서비스 운영시간이 궁금해요.
[동일] R099 (확장) baseline_rank=1 -> reranked_rank=1 | 카카오톡 상담는 어떤 식으로 이용하면 되나요?
[동일] R100 (확장) baseline_rank=1 -> reranked_rank=1 | 개인정보 열람 신청 운영시간은 어떻게 될까요?
[동일] R101 (확장) baseline_rank=1 -> reranked_rank=1 | 웨어러블 기기 회선 개통 시 필요한 준비물이 가능한가요?
[동일] R102 (확장) baseline_rank=1 -> reranked_rank=1 | 해외 구매 단말기 개통 시 필요한 준비물이 가능한가요?
[동일] R103 (확장) baseline_rank=1 -> reranked_rank=1 | 선불폰 개통 시 필요한 준비물이 가능한가요?
[악화(순위 하락, k 안에서는 유지)] R104 (확장) baseline_rank=1 -> reranked_rank=2 | 해외 구매 단말기 개통 하려면 뭘 챙겨가야 하나요?
[악화(순위 하락, k 안에서는 유지)] R105 (확장) baseline_rank=1 -> reranked_rank=2 | 웨어러블 기기 회선 개통 하려면 뭘 챙겨가야 하나요?
[악화(순위 하락, k 안에서는 유지)] R106 (확장) baseline_rank=1 -> reranked_rank=2 | 태블릿 데이터 전용 회선 개통 하려면 뭘 챙겨가야 하나요?
[동일] R107 (확장) baseline_rank=1 -> reranked_rank=1 | 자급제 단말기 개통 시 필요한 준비물이 가능한가요?
[동일] R108 (확장) baseline_rank=1 -> reranked_rank=1 | IoT 전용 회선 개통 시 필요한 준비물이 가능한가요?
[동일] R109 (확장) baseline_rank=1 -> reranked_rank=1 | 태블릿 데이터 전용 회선 개통는 어떻게 해야 하나요?
[동일] R110 (확장) baseline_rank=1 -> reranked_rank=1 | IoT 전용 회선 개통는 어떻게 해야 하나요?
[동일] R111 (확장) baseline_rank=1 -> reranked_rank=1 | 발신번호 표시 서비스는 어떤 방법으로 신청할 수 있나요?
[동일] R112 (확장) baseline_rank=1 -> reranked_rank=1 | 해외 발신 표시 서비스는 아이폰에서도 되나요?
[동일] R113 (확장) baseline_rank=1 -> reranked_rank=1 | 혹시 메시지 예약 발송는 아이폰에서도 되나요?
[동일] R114 (확장) baseline_rank=1 -> reranked_rank=1 | 통화 녹음 서비스는 아이폰에서도 되나요?
[동일] R115 (확장) baseline_rank=1 -> reranked_rank=1 | 혹시 해외 발신 표시 서비스는 아이폰에서도 되나요?
[동일] R116 (확장) baseline_rank=1 -> reranked_rank=1 | 해외 발신 표시 서비스는 어떤 방법으로 신청할 수 있나요?
[동일] R117 (확장) baseline_rank=1 -> reranked_rank=1 | 혹시 통화 녹음 서비스는 아이폰에서도 되나요?
[동일] R118 (확장) baseline_rank=1 -> reranked_rank=1 | 번호도용 문자 차단는 아이폰에서도 되나요?
[동일] R119 (확장) baseline_rank=1 -> reranked_rank=1 | 혹시 통화 품질 향상 서비스는 돈 안 내도 되나요?
[동일] R120 (확장) baseline_rank=1 -> reranked_rank=1 | 혹시 지능형 스팸 차단는 돈 안 내도 되나요?
[동일] R121 (확장) baseline_rank=1 -> reranked_rank=1 | 포인트 유효기간 관련 유의사항이 가능한가요?
[동일] R122 (확장) baseline_rank=1 -> reranked_rank=1 | 포인트 유효기간는 자동으로 적용될까요?
[동일] R123 (확장) baseline_rank=1 -> reranked_rank=1 | 생일 축하 쿠폰 관련해서 조심해야 할 게 있을까요?
[동일] R124 (확장) baseline_rank=1 -> reranked_rank=1 | 멤버십 제휴 할인는 어디서 확인할 수 있나요?
[동일] R125 (확장) baseline_rank=1 -> reranked_rank=1 | 포인트를 데이터로 전환는 어디서 확인할 수 있나요?
[동일] R126 (확장) baseline_rank=1 -> reranked_rank=1 | 통신사 멤버십 등급는 자동으로 적용될까요?
[동일] R127 (확장) baseline_rank=1 -> reranked_rank=1 | 포인트 유효기간 관련해서 조심해야 할 게 있을까요?
[동일] R128 (확장) baseline_rank=1 -> reranked_rank=1 | 포인트 유효기간는 어디서 확인할 수 있나요?
[동일] R129 (확장) baseline_rank=1 -> reranked_rank=1 | 포인트 유효기간는 자동으로 되는 건가요?
[동일] R130 (확장) baseline_rank=1 -> reranked_rank=1 | 포인트를 데이터로 전환 관련해서 조심해야 할 게 있을까요?
[동일] R131 (확장) baseline_rank=1 -> reranked_rank=1 | 단말기 반납 프로그램는 어디서 할까요?
[동일] R132 (확장) baseline_rank=1 -> reranked_rank=1 | 단말기 소프트웨어 업데이트는 어디 가서 하면 되나요?
[동일] R133 (확장) baseline_rank=1 -> reranked_rank=1 | 단말기 파손보험 가입 후 바로 보상받을 수 있나요?
[동일] R134 (확장) baseline_rank=1 -> reranked_rank=1 | 단말기 반납 프로그램는 어디 가서 하면 되나요?
[동일] R135 (확장) baseline_rank=1 -> reranked_rank=1 | 중고 단말기 시세 조회는 어디 가서 하면 되나요?
[동일] R136 (확장) baseline_rank=1 -> reranked_rank=1 | 혹시 공기계 등록에 돈이 드는지 궁금해요.
[동일] R137 (확장) baseline_rank=1 -> reranked_rank=1 | 혹시 단말기 파손보험에 돈이 드는지 궁금해요.
[동일] R138 (확장) baseline_rank=1 -> reranked_rank=1 | 단말기 할부금 조회에 돈이 드는지 궁금해요.
[동일] R139 (확장) baseline_rank=1 -> reranked_rank=1 | 중고 단말기 시세 조회는 어디서 할까요?
[동일] R140 (확장) baseline_rank=1 -> reranked_rank=1 | 공기계 등록는 어디 가서 하면 되나요?
[동일] R141 (확장) baseline_rank=1 -> reranked_rank=1 | 홈사물인터넷 결합의 할인 혜택이 어떻게 되나요?
[동일] R142 (확장) baseline_rank=1 -> reranked_rank=1 | 결합 해지 시 위약금은 어떻게 신청할까요?
[동일] R143 (확장) baseline_rank=1 -> reranked_rank=1 | 혹시 홈사물인터넷 결합의 할인 혜택이 어떻게 되나요?
[동일] R144 (확장) baseline_rank=1 -> reranked_rank=1 | 혹시 인터넷+휴대폰 결합의 할인 혜택이 어떻게 되나요?
[동일] R145 (확장) baseline_rank=1 -> reranked_rank=1 | 인터넷+휴대폰 결합은 어떻게 신청할까요?
[동일] R146 (확장) baseline_rank=1 -> reranked_rank=1 | 결합 해지 시 위약금은 신청 방법이 궁금해요.
[동일] R147 (확장) baseline_rank=1 -> reranked_rank=1 | 가족 결합 인원 조건의 할인 혜택이 어떻게 되나요?
[동일] R148 (확장) baseline_rank=1 -> reranked_rank=1 | 인터넷+TV+휴대폰 결합은 어떻게 신청할까요?
[동일] R149 (확장) baseline_rank=1 -> reranked_rank=1 | 결합 해지 시 위약금의 할인 혜택이 어떻게 되나요?
[동일] R150 (확장) baseline_rank=1 -> reranked_rank=1 | IPTV 단독 가입의 할인 혜택이 어떻게 되나요?
[동일] R151 (확장) baseline_rank=1 -> reranked_rank=1 | 알뜰폰 요금제 비교는 어디서 확인할 수 있나요?
[동일] R152 (확장) baseline_rank=1 -> reranked_rank=1 | 알뜰폰 요금제 비교는 어디서 확인할 수 있나요?
[동일] R153 (확장) baseline_rank=1 -> reranked_rank=1 | 알뜰폰 가입 절차 관련 문의는 어디서 할 수 있나요?
[동일] R154 (확장) baseline_rank=1 -> reranked_rank=1 | 자급제 단말기 유심 호환성 관련 문의는 어디서 할 수 있나요?
[동일] R155 (확장) baseline_rank=1 -> reranked_rank=1 | 알뜰폰에서 5G 사용 가능 여부는 어디서 확인할 수 있나요?
[동일] R156 (확장) baseline_rank=1 -> reranked_rank=1 | 자급제 단말기 유심 호환성는 어디서 확인할 수 있나요?
[동일] R157 (확장) baseline_rank=1 -> reranked_rank=1 | 알뜰폰 요금제 비교 관련해서 문의는 어디로 할까요?
[동일] R158 (확장) baseline_rank=1 -> reranked_rank=1 | 알뜰폰 가입 절차는 어디서 확인할 수 있나요?
[동일] R159 (확장) baseline_rank=1 -> reranked_rank=1 | 자급제 단말기 유심 호환성 관련해서 문의는 어디로 할까요?
[동일] R160 (확장) baseline_rank=1 -> reranked_rank=1 | 알뜰폰 가입 절차 관련해서 문의는 어디로 할까요?
[동일] R161 (확장) baseline_rank=1 -> reranked_rank=1 | 본인확인서비스(PASS) 이용 관련 문제가 있을 때는 어떻게 해야 하나요?
[동일] R162 (확장) baseline_rank=1 -> reranked_rank=1 | 명의도용 방지 서비스는 어떻게 해야 하나요?
[동일] R163 (확장) baseline_rank=1 -> reranked_rank=1 | 개인정보 제3자 제공 동의 철회는 어떻게 해야 하나요?
[악화(순위 하락, k 안에서는 유지)] R164 (확장) baseline_rank=1 -> reranked_rank=2 | 휴대폰 인증 오류는 어떻게 해야 하나요?
[동일] R165 (확장) baseline_rank=1 -> reranked_rank=1 | 명의도용 방지 서비스 관련 문제가 생기면 어떻게 할까요?
[동일] R166 (확장) baseline_rank=1 -> reranked_rank=1 | 개인정보 제3자 제공 동의 철회는 어떻게 해야 하나요?
[동일] R167 (확장) baseline_rank=1 -> reranked_rank=1 | 휴대폰 인증 오류 관련 문제가 생기면 어떻게 할까요?
[동일] R168 (확장) baseline_rank=1 -> reranked_rank=1 | 본인확인서비스(PASS) 이용는 어떻게 해야 하나요?
[동일] R169 (확장) baseline_rank=1 -> reranked_rank=1 | 본인확인서비스(PASS) 이용 관련 문제가 생기면 어떻게 할까요?
[동일] R170 (확장) baseline_rank=1 -> reranked_rank=1 | 본인확인서비스(PASS) 이용는 어떻게 해야 하나요?
[동일] R171 (확장) baseline_rank=1 -> reranked_rank=1 | 주차 가능한 매장를 찾을 수 있을까요?
[동일] R172 (확장) baseline_rank=1 -> reranked_rank=1 | 혹시 주차 가능한 매장를 찾을 수 있을까요?
[동일] R173 (확장) baseline_rank=1 -> reranked_rank=1 | 혹시 장애인 편의시설을 갖춘 매장를 찾을 수 있을까요?
[동일] R174 (확장) baseline_rank=1 -> reranked_rank=1 | 혹시 심야 운영 매장를 찾을 수 있을까요?
[동일] R175 (확장) baseline_rank=1 -> reranked_rank=1 | 장애인 편의시설을 갖춘 매장를 찾을 수 있을까요?
[악화(순위 하락, k 안에서는 유지)] R176 (확장) baseline_rank=1 -> reranked_rank=2 | 심야 운영 매장를 찾을 수 있을까요?
[동일] R177 (확장) baseline_rank=1 -> reranked_rank=1 | 예약 방문 가능한 매장를 찾을 수 있을까요?
[동일] R178 (확장) baseline_rank=1 -> reranked_rank=1 | 혹시 예약 방문 가능한 매장를 찾을 수 있을까요?

======================================================================
회차 1 | 2026-09-11 17:10:32 | reranker = bge-reranker-v2-m3 (final_k=5, buffer=5)
======================================================================
[동일] E01 (Easy) baseline_rank=1 -> reranked_rank=1 | 해외 데이터 로밍 요금은 어떻게 되나요?
[개선(순위 상승)] E02 (Easy) baseline_rank=3 -> reranked_rank=2 | 휴대폰을 분실하면 어떻게 해야 하나요?
[동일] E03 (Easy) baseline_rank=1 -> reranked_rank=1 | 데이터 속도가 갑자기 느려졌어요.
[개선(순위 상승)] E04 (Easy) baseline_rank=2 -> reranked_rank=1 | 데이터 사용량을 확인하고 싶어요.
[동일] E05 (Easy) baseline_rank=1 -> reranked_rank=1 | 유심을 재발급받으려면 어떻게 하나요?
[동일] E06 (Easy) baseline_rank=1 -> reranked_rank=1 | 번호를 변경하려면 어떻게 하나요?
[동일] E07 (Easy) baseline_rank=1 -> reranked_rank=1 | 이번 달 휴대폰 요금이 너무 많이 나왔어요.
[동일] E08 (Easy) baseline_rank=1 -> reranked_rank=1 | 약정 중 해지하면 위약금이 발생하나요?
[동일] E10 (Easy) baseline_rank=1 -> reranked_rank=1 | 해외에서 데이터 로밍을 차단하고 싶어요.
[동일] M01 (Medium) baseline_rank=10 -> reranked_rank=6 | 일본에서 인터넷 좀 쓰면 추가 요금 많이 붙나요?
[동일] M02 (Medium) baseline_rank=2 -> reranked_rank=2 | 폰을 어디에 뒀는지 모르겠는데 일단 아무도 못 쓰게 하고 싶어요.
[동일] M03 (Medium) baseline_rank=1 -> reranked_rank=1 | 유튜브가 갑자기 엄청 느려졌는데 데이터를 다 쓴 걸까요?
[동일] M04 (Medium) baseline_rank=1 -> reranked_rank=1 | 이번 달 인터넷 얼마나 썼는지 어디서 봐요?
[개선(k 밖이었는데 들어옴)] M05 (Medium) baseline_rank=9 -> reranked_rank=2 | 심카드를 잃어버려서 새 걸 받아야 할 것 같아요.
[개선(순위 상승)] M06 (Medium) baseline_rank=5 -> reranked_rank=4 | 새 폰을 샀는데 지금 쓰는 010 번호 계속 쓸 수 있나요?
[동일] M07 (Medium) baseline_rank=1 -> reranked_rank=1 | 평소에는 5만원인데 이번 달에는 10만원이 나왔어요.
[동일] M08 (Medium) baseline_rank=1 -> reranked_rank=1 | 계약 기간이 아직 남았는데 통신사를 옮기면 돈 내야 하나요?
[동일] M10 (Medium) baseline_rank=2 -> reranked_rank=2 | 해외에서는 와이파이만 쓰고 휴대폰 인터넷은 아예 꺼두고 싶어요.
[개선(k 밖이었는데 들어옴)] H01 (Hard) baseline_rank=9 -> reranked_rank=5 | 일본 여행 가서 카톡이랑 유튜브 좀 쓰려고 하는데 그냥 쓰면 요금 많이 나오나요?
[개선(k 밖이었는데 들어옴)] H02 (Hard) baseline_rank=8 -> reranked_rank=3 | 지하철에 폰을 두고 내린 것 같은데 누가 전화나 데이터를 못 쓰게 하고 싶어요.
[악화(순위 하락, k 안에서는 유지)] H03 (Hard) baseline_rank=1 -> reranked_rank=3 | 데이터 연결은 되어 있는데 영상이 거의 안 돌아가요. 이번 달 데이터를 다 써서 그런 건가요?
[악화(순위 하락, k 안에서는 유지)] H04 (Hard) baseline_rank=1 -> reranked_rank=2 | 유심을 잃어버려서 지금 번호 그대로 새 유심을 받아야 하는데 어떻게 하나요?
[동일] H05 (Hard) baseline_rank=1 -> reranked_rank=1 | 통신사는 그대로 쓰고 휴대폰만 새 걸로 바꿨는데 번호를 계속 쓰려면 어떻게 해야 하나요?
[동일] H06 (Hard) baseline_rank=1 -> reranked_rank=1 | 해외여행 다녀온 뒤 이번 달 통신비가 갑자기 두 배로 나왔어요. 왜 그런가요?
[개선(순위 상승)] H07 (Hard) baseline_rank=2 -> reranked_rank=1 | 중국에 가는데 호텔 와이파이만 쓰고 실수로 데이터가 켜져서 돈 나가는 것도 막고 싶어요.
[동일] H08 (Hard) baseline_rank=1 -> reranked_rank=1 | 폰은 그대로 쓸 건데 스팸 전화가 너무 와서 제 번호 자체를 바꾸고 싶습니다.
[동일] H10 (Hard) baseline_rank=1 -> reranked_rank=1 | 약정이 6개월 남았는데 번호는 유지하면서 다른 통신사로 옮기려고 합니다. 추가로 내야 할 돈이 있나요?
[동일] C01 (구어체) baseline_rank=1 -> reranked_rank=1 | eSIM이 정확히 뭔지 잘 모르겠는데 유심이랑 다른 거임?
[동일] C02 (구어체) baseline_rank=1 -> reranked_rank=1 | 자꾸 스팸 문자 오는데 이거 막을 방법 없나?
[동일] C03 (구어체) baseline_rank=1 -> reranked_rank=1 | 데이터 무제한으로 맘껏 쓸 수 있는 요금제 있음?
[동일] C04 (구어체) baseline_rank=1 -> reranked_rank=1 | 고객센터 몇 시까지 하는지 아는 사람?
[동일] C05 (구어체) baseline_rank=1 -> reranked_rank=1 | 폰 중고로 바꿔도 괜찮은 거지?
[동일] C06 (구어체) baseline_rank=1 -> reranked_rank=1 | 핫스팟 켜서 쓸 수 있는 거 맞죠?
[동일] C07 (구어체) baseline_rank=1 -> reranked_rank=1 | 청구서 메일로 받아보고 싶은데 가능해요?
[동일] C08 (구어체) baseline_rank=1 -> reranked_rank=1 | 정지된 거 다시 풀려면 어떻게 해야 되나요?
[동일] C09 (구어체) baseline_rank=1 -> reranked_rank=1 | 가족끼리 묶어서 할인받는 거 신청하려면 어떻게 함?
[동일] C10 (구어체) baseline_rank=1 -> reranked_rank=1 | 번호 바꾸면 예전 번호로 온 문자는 어떻게 되는 거예요?
[동일] T01 (오타) baseline_rank=1 -> reranked_rank=1 | 번호이동 할려면 머 해야되요
[동일] T02 (오타) baseline_rank=1 -> reranked_rank=1 | 데이타 사용량 확인하는법 알려주세요
[동일] T03 (오타) baseline_rank=1 -> reranked_rank=1 | 요금이 왜케 마니나왔조
[동일] T04 (오타) baseline_rank=1 -> reranked_rank=1 | 소액결재 차단할수있나요
[동일] T05 (오타) baseline_rank=1 -> reranked_rank=1 | 특정번호 차단하는법 알고싶어요
[동일] T06 (오타) baseline_rank=1 -> reranked_rank=1 | 약정중해지하면 위약금 잇나요
[동일] T07 (오타) baseline_rank=1 -> reranked_rank=1 | 가까운매장 어떻게찾나요
[동일] T08 (오타) baseline_rank=1 -> reranked_rank=1 | 해외데이타로밍 요금이 얼마에요
[동일] T09 (오타) baseline_rank=1 -> reranked_rank=1 | 유심이 인식이 안되요 휴대폰에서
[동일] T10 (오타) baseline_rank=1 -> reranked_rank=1 | 요금제바꾸고싶은데 어떡게하나요
[개선(순위 상승)] L01 (긴질문) baseline_rank=2 -> reranked_rank=1 | 다음 달에 유럽 여행을 가는데 거기서 인터넷을 좀 써야 할 것 같아서요. 로밍이라는 게 있다고는 들었는데 정확히 어떻게 요금이 매겨지는 건지 감이 안 와서 여쭤봐요. 데이터 요금이 어떻게 되나요?
[개선(순위 상승)] L02 (긴질문) baseline_rank=4 -> reranked_rank=2 | 어제 출근하다가 휴대폰을 잃어버렸는데 안에 유심도 들어 있고 번호는 그대로 쓰고 싶어요. 새 유심을 받을 수 있나요?
[악화(순위 하락, k 안에서는 유지)] L03 (긴질문) baseline_rank=1 -> reranked_rank=2 | 제가 지금 2년 약정으로 쓰고 있는데 아직 6개월 정도 남았거든요. 근데 갑자기 사정이 생겨서 다른 통신사로 옮겨야 할 것 같은데, 이 경우에 위약금도 내야 하고 아직 남은 할부금도 있는 걸로 아는데 이거 어떻게 처리되는 건지 자세히 알고 싶어요.
[동일] L04 (긴질문) baseline_rank=1 -> reranked_rank=1 | 제가 예전에 데이터를 다 써서 요금이 엄청 많이 나온 적이 있었거든요. 그래서 이번에는 데이터가 다 되기 전에 미리 알 수 있으면 좋겠는데, 그런 식으로 알림 받을 수 있는 방법이 있나요?
[동일] L05 (긴질문) baseline_rank=1 -> reranked_rank=1 | 최근에 최신 스마트폰으로 바꿨는데 분명히 5G 요금제를 쓰고 있는데도 화면에 계속 LTE라고만 떠서요. 설정을 잘못 만진 건지 아니면 원래 이 지역에서 5G가 안 잡히는 건지 헷갈리는데, 왜 이런 건가요?
[악화(순위 하락, k 안에서는 유지)] L06 (긴질문) baseline_rank=2 -> reranked_rank=3 | 부모님 명의로 되어 있는 휴대폰을 제 명의로 바꾸고 싶은데, 절차가 복잡한지 궁금하고 혹시 두 사람이 같이 매장에 가야 하는 건지 아니면 온라인으로도 처리가 가능한 건지 알고 싶어요.
[동일] L07 (긴질문) baseline_rank=1 -> reranked_rank=1 | 저희 가족이 다 같은 통신사를 쓰고 있는데, 저는 데이터를 항상 남기고 동생은 항상 데이터가 부족해서 추가로 요금을 내고 있거든요. 이런 경우에 가족끼리 데이터를 나눠 쓸 수 있는 방법이 있는지 궁금해요.
[동일] L08 (긴질문) baseline_rank=1 -> reranked_rank=1 | 이번에 해외로 몇 달 정도 나가 있을 예정이라 그동안 휴대폰을 아예 안 쓸 것 같은데, 그렇다고 완전히 해지하기는 아까워서요. 혹시 일시적으로 사용을 멈춰두는 방법이 있고, 그 기간에도 요금이 계속 나가는 건지 궁금합니다.
[동일] L09 (긴질문) baseline_rank=1 -> reranked_rank=1 | 제 폰이 eSIM이랑 일반 유심을 둘 다 지원하는 기종이라고 들었는데, 회사폰이랑 개인폰 번호를 하나의 휴대폰으로 같이 쓰고 싶어서요. 이렇게 두 개를 동시에 활성화해서 쓰는 게 가능한 건가요?
[동일] L10 (긴질문) baseline_rank=1 -> reranked_rank=1 | 제가 매달 요금제에 포함된 데이터를 거의 다 못 쓰고 남기는 편인데, 이렇게 남는 데이터가 있으면 그냥 사라지는 건지 아니면 혹시 다음 달로 넘겨서 쓸 수 있는 그런 제도가 있는지 궁금해서 여쭤봐요.
[동일] R001 (확장) baseline_rank=1 -> reranked_rank=1 | 만 65세 이상 시니어 요금제로 변경하려면 위약금이 발생할까요?
[동일] R002 (확장) baseline_rank=1 -> reranked_rank=1 | 온라인 전용 요금제를 신청하려면 어떻게 할까요?
[동일] R003 (확장) baseline_rank=1 -> reranked_rank=1 | 5G 다이렉트 44는 약정 없이도 쓸 수 있나요?
[동일] R004 (확장) baseline_rank=1 -> reranked_rank=1 | 다이렉트 요금제는 부가통화 무제한으로 쓸 수 있나요?
[동일] R005 (확장) baseline_rank=1 -> reranked_rank=1 | 혹시 LTE 선택 요금제의 기본요금이 얼마인지 궁금해요.
[동일] R006 (확장) baseline_rank=1 -> reranked_rank=1 | 온라인 전용 요금제와 다른 요금제는 뭐가 다른가요?
[동일] R007 (확장) baseline_rank=1 -> reranked_rank=1 | 혹시 복지 감면 요금제와 다른 요금제는 뭐가 다른가요?
[동일] R008 (확장) baseline_rank=1 -> reranked_rank=1 | 혹시 온라인 전용 요금제의 기본요금이 얼마인지 궁금해요.
[동일] R009 (확장) baseline_rank=1 -> reranked_rank=1 | 혹시 시니어 전용 요금제의 기본요금이 얼마인지 궁금해요.
[동일] R010 (확장) baseline_rank=1 -> reranked_rank=1 | 5G 다이렉트 25를 신청하려면 어떻게 할까요?
[동일] R011 (확장) baseline_rank=1 -> reranked_rank=1 | 세대주 명의 이전는 처리까지 얼마나 걸리나요?
[동일] R012 (확장) baseline_rank=1 -> reranked_rank=1 | 알뜰폰에서 번호이동는 처리까지 시간이 얼마나 소요되나요?
[동일] R013 (확장) baseline_rank=1 -> reranked_rank=1 | 외국인 명의 신규가입를 취소하고 싶은데 가능한가요?
[동일] R014 (확장) baseline_rank=1 -> reranked_rank=1 | 미성년자 명의 신규가입는 처리까지 얼마나 걸리나요?
[동일] R015 (확장) baseline_rank=1 -> reranked_rank=1 | 가족 회선 추가 가입를 취소하고 싶은데 가능한가요?
[동일] R016 (확장) baseline_rank=1 -> reranked_rank=1 | 세대주 명의 이전는 어떤 절차로 진행되나요?
[동일] R017 (확장) baseline_rank=1 -> reranked_rank=1 | 세대주 명의 이전는 처리까지 시간이 얼마나 소요되나요?
[동일] R018 (확장) baseline_rank=1 -> reranked_rank=1 | 자녀 명의로 회선 개설는 처리까지 얼마나 걸리나요?
[동일] R019 (확장) baseline_rank=1 -> reranked_rank=1 | 세대주 명의 이전는 어떤 절차로 진행되나요?
[동일] R020 (확장) baseline_rank=1 -> reranked_rank=1 | 타 통신사에서 번호이동 시 필요한 서류가 가능한가요?
[동일] R021 (확장) baseline_rank=1 -> reranked_rank=1 | 혹시 듀얼 eSIM 설정 비용이 얼마나 드는지 궁금해요.
[동일] R022 (확장) baseline_rank=1 -> reranked_rank=1 | eSIM QR코드 발급는 신청 방법이 어떻게 되나요?
[동일] R023 (확장) baseline_rank=1 -> reranked_rank=1 | 혹시 유심 무료 재발급 대상는 꼭 매장에 가야만 되나요?
[동일] R024 (확장) baseline_rank=1 -> reranked_rank=1 | 유심 무료 재발급 대상는 꼭 매장에 가야만 되나요?
[악화(순위 하락, k 안에서는 유지)] R025 (확장) baseline_rank=1 -> reranked_rank=2 | eSIM 신규 발급 하고 나서 바로 쓸 수 있나요?
[동일] R026 (확장) baseline_rank=1 -> reranked_rank=1 | 유심 무료 재발급 대상 하고 나서 바로 쓸 수 있나요?
[동일] R027 (확장) baseline_rank=1 -> reranked_rank=1 | 혹시 eSIM QR코드 발급는 꼭 매장에 가야만 되나요?
[동일] R028 (확장) baseline_rank=1 -> reranked_rank=1 | eSIM QR코드 발급는 꼭 매장에 가야만 되나요?
[동일] R029 (확장) baseline_rank=1 -> reranked_rank=1 | 혹시 듀얼 eSIM 설정는 꼭 매장에 가야만 되나요?
[동일] R030 (확장) baseline_rank=1 -> reranked_rank=1 | 유심 크기(나노/마이크로) 변경는 어떤 방법으로 신청할 수 있나요?
[동일] R031 (확장) baseline_rank=1 -> reranked_rank=1 | 5G 커버리지 확인 문제가 생겼는데 어떻게 해결해야 하나요?
[동일] R032 (확장) baseline_rank=1 -> reranked_rank=1 | 특정 앱에서만 느린 데이터 속도 문제는 어떻게 해결할까요?
[동일] R033 (확장) baseline_rank=1 -> reranked_rank=1 | 혹시 와이파이 자동 전환이 잘 안 되는데 뭘 확인해봐야 하나요?
[동일] R034 (확장) baseline_rank=1 -> reranked_rank=1 | 5G 커버리지 확인 관련 설정을 바꾸려면 어디로 가야 하나요?
[동일] R035 (확장) baseline_rank=1 -> reranked_rank=1 | 데이터 로밍 자동 차단 문제는 어떻게 해결할까요?
[동일] R036 (확장) baseline_rank=1 -> reranked_rank=1 | 데이터 사용량 초과 후 속도 제한 문제는 어떻게 해결할까요?
[동일] R037 (확장) baseline_rank=1 -> reranked_rank=1 | 특정 앱에서만 느린 데이터 속도 관련 설정은 어디서 변경할까요?
[동일] R038 (확장) baseline_rank=1 -> reranked_rank=1 | 와이파이 자동 전환 문제는 어떻게 해결할까요?
[동일] R039 (확장) baseline_rank=1 -> reranked_rank=1 | 지하철에서 데이터 연결 문제는 어떻게 해결할까요?
[동일] R040 (확장) baseline_rank=1 -> reranked_rank=1 | 혹시 지하철에서 데이터 연결이 잘 안 되는데 뭘 확인해봐야 하나요?
[동일] R041 (확장) baseline_rank=1 -> reranked_rank=1 | 혹시 유럽 로밍 요금제은 얼마나 나오나요?
[동일] R042 (확장) baseline_rank=1 -> reranked_rank=1 | 환승 중 로밍 요금은 언제부터 적용이 되나요?
[동일] R043 (확장) baseline_rank=1 -> reranked_rank=1 | 환승 중 로밍 요금은 신청 방법이 궁금해요.
[동일] R044 (확장) baseline_rank=1 -> reranked_rank=1 | 일본 로밍 요금제 쓰다가 데이터를 다 쓰면 어떻게 되나요?
[동일] R045 (확장) baseline_rank=1 -> reranked_rank=1 | 로밍 데이터 무제한 상품 쓰다가 데이터를 다 쓰면 어떻게 되나요?
[동일] R046 (확장) baseline_rank=1 -> reranked_rank=1 | 혹시 일본 로밍 요금제은 얼마나 나오나요?
[동일] R047 (확장) baseline_rank=1 -> reranked_rank=1 | 혹시 동남아 로밍 요금제은 얼마나 나오나요?
[동일] R048 (확장) baseline_rank=1 -> reranked_rank=1 | 로밍 데이터 무제한 상품은 언제부터 적용될까요?
[동일] R049 (확장) baseline_rank=1 -> reranked_rank=1 | 크루즈 여행 중 로밍은 어떻게 신청할까요?
[동일] R050 (확장) baseline_rank=1 -> reranked_rank=1 | 동남아 로밍 요금제은 언제부터 적용이 되나요?
[동일] R051 (확장) baseline_rank=1 -> reranked_rank=1 | 가족 통합 청구서는 어떤 방법으로 신청할 수 있나요?
[동일] R052 (확장) baseline_rank=1 -> reranked_rank=1 | 복지 요금 감면 신청는 매달 자동으로 되는 건가요?
[동일] R053 (확장) baseline_rank=1 -> reranked_rank=1 | 가족 통합 청구서 관련해서 어디에 문의하면 되나요?
[동일] R054 (확장) baseline_rank=1 -> reranked_rank=1 | 법인 명의 청구서는 매달 자동으로 되는 건가요?
[동일] R055 (확장) baseline_rank=1 -> reranked_rank=1 | 가족 통합 청구서는 매달 자동으로 적용될까요?
[동일] R056 (확장) baseline_rank=1 -> reranked_rank=1 | 미납 요금 분할 납부는 매달 자동으로 적용될까요?
[동일] R057 (확장) baseline_rank=1 -> reranked_rank=1 | 청구서 발행일 변경 관련 문의는 어디서 할까요?
[동일] R058 (확장) baseline_rank=1 -> reranked_rank=1 | 선불 요금 충전는 신청 방법이 어떻게 되나요?
[동일] R059 (확장) baseline_rank=1 -> reranked_rank=1 | 선불 요금 충전는 어떤 방법으로 신청할 수 있나요?
[동일] R060 (확장) baseline_rank=1 -> reranked_rank=1 | 요금 할인 쿠폰 적용 관련 문의는 어디서 할까요?
[동일] R061 (확장) baseline_rank=1 -> reranked_rank=1 | 선택약정 할인 해지은 시간이 얼마나 걸리나요?
[동일] R062 (확장) baseline_rank=1 -> reranked_rank=1 | 해지 후 재가입 제한기간은 시간이 얼마나 걸리나요?
[동일] R063 (확장) baseline_rank=1 -> reranked_rank=1 | 위약금 분할 납부 할 때 조심해야 할 점이 있나요?
[동일] R064 (확장) baseline_rank=1 -> reranked_rank=1 | 미성년자 명의 해지 할 때 조심해야 할 점이 있나요?
[동일] R065 (확장) baseline_rank=1 -> reranked_rank=1 | 번호이동으로 인한 자동 해지는 어떻게 처리할까요?
[동일] R066 (확장) baseline_rank=1 -> reranked_rank=1 | 선택약정 할인 해지에는 처리까지 시간이 얼마나 소요되나요?
[동일] R067 (확장) baseline_rank=1 -> reranked_rank=1 | 해지 후 재가입 제한기간는 처리 방법이 궁금해요.
[동일] R068 (확장) baseline_rank=1 -> reranked_rank=1 | 법인 회선 해지는 처리 방법이 궁금해요.
[동일] R069 (확장) baseline_rank=1 -> reranked_rank=1 | 위약금 분할 납부에는 처리까지 시간이 얼마나 소요되나요?
[동일] R070 (확장) baseline_rank=1 -> reranked_rank=1 | 결합상품 동시 해지는 어떻게 처리할까요?
[동일] R071 (확장) baseline_rank=1 -> reranked_rank=1 | 분실폰 데이터 원격 삭제 관련해서 비용이 드는지 궁금해요.
[동일] R072 (확장) baseline_rank=1 -> reranked_rank=1 | 분실폰 원격 잠금는 어떻게 해야 하나요?
[동일] R073 (확장) baseline_rank=1 -> reranked_rank=1 | 타인이 주운 휴대폰 발견 시 신고 관련 비용이 발생할까요?
[동일] R074 (확장) baseline_rank=1 -> reranked_rank=1 | 해외에서 분실 관련해서 비용이 드는지 궁금해요.
[동일] R075 (확장) baseline_rank=1 -> reranked_rank=1 | 분실 후 보험 청구는 어떻게 해야 하나요?
[동일] R076 (확장) baseline_rank=1 -> reranked_rank=1 | 분실폰 원격 잠금는 어떻게 해야 하나요?
[동일] R077 (확장) baseline_rank=1 -> reranked_rank=1 | 분실폰 원격 잠금 관련 비용이 발생할까요?
[동일] R078 (확장) baseline_rank=1 -> reranked_rank=1 | 분실폰 원격 잠금 관련해서 비용이 드는지 궁금해요.
[동일] R079 (확장) baseline_rank=1 -> reranked_rank=1 | 해외에서 분실는 어떻게 해야 하나요?
[동일] R080 (확장) baseline_rank=1 -> reranked_rank=1 | 분실 후 보험 청구는 어떻게 해야 하나요?
[동일] R081 (확장) baseline_rank=1 -> reranked_rank=1 | 영상통화 요금는 추가로 요금이 붙나요?
[동일] R082 (확장) baseline_rank=1 -> reranked_rank=1 | 컬러링 설정는 어떤 식으로 이용하면 되나요?
[동일] R083 (확장) baseline_rank=1 -> reranked_rank=1 | 부재중 전화 알림 설정는 추가로 요금이 붙나요?
[동일] R084 (확장) baseline_rank=1 -> reranked_rank=1 | 스팸 전화 자동 차단는 어떤 식으로 이용하면 되나요?
[동일] R085 (확장) baseline_rank=1 -> reranked_rank=1 | 부재중 전화 알림 설정는 이용 방법이 궁금해요.
[동일] R086 (확장) baseline_rank=1 -> reranked_rank=1 | 부재중 전화 알림 설정는 어떤 식으로 이용하면 되나요?
[동일] R087 (확장) baseline_rank=1 -> reranked_rank=1 | 스팸 전화 자동 차단는 별도 요금이 발생할까요?
[동일] R088 (확장) baseline_rank=1 -> reranked_rank=1 | 스팸 전화 자동 차단는 이용 방법이 궁금해요.
[동일] R089 (확장) baseline_rank=1 -> reranked_rank=1 | 국제문자 발송는 어떤 식으로 이용하면 되나요?
[동일] R090 (확장) baseline_rank=1 -> reranked_rank=1 | 그룹 문자 발송 제한는 별도 요금이 발생할까요?
[동일] R091 (확장) baseline_rank=1 -> reranked_rank=1 | 본인인증 재설정는 어떤 식으로 이용하면 되나요?
[동일] R092 (확장) baseline_rank=1 -> reranked_rank=1 | 개인정보 열람 신청는 어떤 식으로 이용하면 되나요?
[동일] R093 (확장) baseline_rank=1 -> reranked_rank=1 | 청각장애인 전용 상담는 이용 방법이 궁금해요.
[동일] R094 (확장) baseline_rank=1 -> reranked_rank=1 | 영상 상담 서비스는 어떤 식으로 이용하면 되나요?
[동일] R095 (확장) baseline_rank=1 -> reranked_rank=1 | 카카오톡 상담 운영시간이 궁금해요.
[동일] R096 (확장) baseline_rank=1 -> reranked_rank=1 | 챗봇 상담 운영시간은 어떻게 될까요?
[동일] R097 (확장) baseline_rank=1 -> reranked_rank=1 | 챗봇 상담 운영시간이 궁금해요.
[동일] R098 (확장) baseline_rank=1 -> reranked_rank=1 | 영상 상담 서비스 운영시간이 궁금해요.
[동일] R099 (확장) baseline_rank=1 -> reranked_rank=1 | 카카오톡 상담는 어떤 식으로 이용하면 되나요?
[동일] R100 (확장) baseline_rank=1 -> reranked_rank=1 | 개인정보 열람 신청 운영시간은 어떻게 될까요?
[동일] R101 (확장) baseline_rank=1 -> reranked_rank=1 | 웨어러블 기기 회선 개통 시 필요한 준비물이 가능한가요?
[동일] R102 (확장) baseline_rank=1 -> reranked_rank=1 | 해외 구매 단말기 개통 시 필요한 준비물이 가능한가요?
[동일] R103 (확장) baseline_rank=1 -> reranked_rank=1 | 선불폰 개통 시 필요한 준비물이 가능한가요?
[악화(순위 하락, k 안에서는 유지)] R104 (확장) baseline_rank=1 -> reranked_rank=2 | 해외 구매 단말기 개통 하려면 뭘 챙겨가야 하나요?
[악화(순위 하락, k 안에서는 유지)] R105 (확장) baseline_rank=1 -> reranked_rank=2 | 웨어러블 기기 회선 개통 하려면 뭘 챙겨가야 하나요?
[악화(순위 하락, k 안에서는 유지)] R106 (확장) baseline_rank=1 -> reranked_rank=2 | 태블릿 데이터 전용 회선 개통 하려면 뭘 챙겨가야 하나요?
[동일] R107 (확장) baseline_rank=1 -> reranked_rank=1 | 자급제 단말기 개통 시 필요한 준비물이 가능한가요?
[동일] R108 (확장) baseline_rank=1 -> reranked_rank=1 | IoT 전용 회선 개통 시 필요한 준비물이 가능한가요?
[동일] R109 (확장) baseline_rank=1 -> reranked_rank=1 | 태블릿 데이터 전용 회선 개통는 어떻게 해야 하나요?
[동일] R110 (확장) baseline_rank=1 -> reranked_rank=1 | IoT 전용 회선 개통는 어떻게 해야 하나요?
[동일] R111 (확장) baseline_rank=1 -> reranked_rank=1 | 발신번호 표시 서비스는 어떤 방법으로 신청할 수 있나요?
[동일] R112 (확장) baseline_rank=1 -> reranked_rank=1 | 해외 발신 표시 서비스는 아이폰에서도 되나요?
[동일] R113 (확장) baseline_rank=1 -> reranked_rank=1 | 혹시 메시지 예약 발송는 아이폰에서도 되나요?
[동일] R114 (확장) baseline_rank=1 -> reranked_rank=1 | 통화 녹음 서비스는 아이폰에서도 되나요?
[동일] R115 (확장) baseline_rank=1 -> reranked_rank=1 | 혹시 해외 발신 표시 서비스는 아이폰에서도 되나요?
[동일] R116 (확장) baseline_rank=1 -> reranked_rank=1 | 해외 발신 표시 서비스는 어떤 방법으로 신청할 수 있나요?
[동일] R117 (확장) baseline_rank=1 -> reranked_rank=1 | 혹시 통화 녹음 서비스는 아이폰에서도 되나요?
[동일] R118 (확장) baseline_rank=1 -> reranked_rank=1 | 번호도용 문자 차단는 아이폰에서도 되나요?
[동일] R119 (확장) baseline_rank=1 -> reranked_rank=1 | 혹시 통화 품질 향상 서비스는 돈 안 내도 되나요?
[동일] R120 (확장) baseline_rank=1 -> reranked_rank=1 | 혹시 지능형 스팸 차단는 돈 안 내도 되나요?
[동일] R121 (확장) baseline_rank=1 -> reranked_rank=1 | 포인트 유효기간 관련 유의사항이 가능한가요?
[동일] R122 (확장) baseline_rank=1 -> reranked_rank=1 | 포인트 유효기간는 자동으로 적용될까요?
[동일] R123 (확장) baseline_rank=1 -> reranked_rank=1 | 생일 축하 쿠폰 관련해서 조심해야 할 게 있을까요?
[동일] R124 (확장) baseline_rank=1 -> reranked_rank=1 | 멤버십 제휴 할인는 어디서 확인할 수 있나요?
[동일] R125 (확장) baseline_rank=1 -> reranked_rank=1 | 포인트를 데이터로 전환는 어디서 확인할 수 있나요?
[동일] R126 (확장) baseline_rank=1 -> reranked_rank=1 | 통신사 멤버십 등급는 자동으로 적용될까요?
[동일] R127 (확장) baseline_rank=1 -> reranked_rank=1 | 포인트 유효기간 관련해서 조심해야 할 게 있을까요?
[동일] R128 (확장) baseline_rank=1 -> reranked_rank=1 | 포인트 유효기간는 어디서 확인할 수 있나요?
[동일] R129 (확장) baseline_rank=1 -> reranked_rank=1 | 포인트 유효기간는 자동으로 되는 건가요?
[동일] R130 (확장) baseline_rank=1 -> reranked_rank=1 | 포인트를 데이터로 전환 관련해서 조심해야 할 게 있을까요?
[동일] R131 (확장) baseline_rank=1 -> reranked_rank=1 | 단말기 반납 프로그램는 어디서 할까요?
[동일] R132 (확장) baseline_rank=1 -> reranked_rank=1 | 단말기 소프트웨어 업데이트는 어디 가서 하면 되나요?
[동일] R133 (확장) baseline_rank=1 -> reranked_rank=1 | 단말기 파손보험 가입 후 바로 보상받을 수 있나요?
[동일] R134 (확장) baseline_rank=1 -> reranked_rank=1 | 단말기 반납 프로그램는 어디 가서 하면 되나요?
[동일] R135 (확장) baseline_rank=1 -> reranked_rank=1 | 중고 단말기 시세 조회는 어디 가서 하면 되나요?
[동일] R136 (확장) baseline_rank=1 -> reranked_rank=1 | 혹시 공기계 등록에 돈이 드는지 궁금해요.
[동일] R137 (확장) baseline_rank=1 -> reranked_rank=1 | 혹시 단말기 파손보험에 돈이 드는지 궁금해요.
[동일] R138 (확장) baseline_rank=1 -> reranked_rank=1 | 단말기 할부금 조회에 돈이 드는지 궁금해요.
[동일] R139 (확장) baseline_rank=1 -> reranked_rank=1 | 중고 단말기 시세 조회는 어디서 할까요?
[동일] R140 (확장) baseline_rank=1 -> reranked_rank=1 | 공기계 등록는 어디 가서 하면 되나요?
[동일] R141 (확장) baseline_rank=1 -> reranked_rank=1 | 홈사물인터넷 결합의 할인 혜택이 어떻게 되나요?
[동일] R142 (확장) baseline_rank=1 -> reranked_rank=1 | 결합 해지 시 위약금은 어떻게 신청할까요?
[동일] R143 (확장) baseline_rank=1 -> reranked_rank=1 | 혹시 홈사물인터넷 결합의 할인 혜택이 어떻게 되나요?
[동일] R144 (확장) baseline_rank=1 -> reranked_rank=1 | 혹시 인터넷+휴대폰 결합의 할인 혜택이 어떻게 되나요?
[동일] R145 (확장) baseline_rank=1 -> reranked_rank=1 | 인터넷+휴대폰 결합은 어떻게 신청할까요?
[동일] R146 (확장) baseline_rank=1 -> reranked_rank=1 | 결합 해지 시 위약금은 신청 방법이 궁금해요.
[동일] R147 (확장) baseline_rank=1 -> reranked_rank=1 | 가족 결합 인원 조건의 할인 혜택이 어떻게 되나요?
[동일] R148 (확장) baseline_rank=1 -> reranked_rank=1 | 인터넷+TV+휴대폰 결합은 어떻게 신청할까요?
[동일] R149 (확장) baseline_rank=1 -> reranked_rank=1 | 결합 해지 시 위약금의 할인 혜택이 어떻게 되나요?
[동일] R150 (확장) baseline_rank=1 -> reranked_rank=1 | IPTV 단독 가입의 할인 혜택이 어떻게 되나요?
[동일] R151 (확장) baseline_rank=1 -> reranked_rank=1 | 알뜰폰 요금제 비교는 어디서 확인할 수 있나요?
[동일] R152 (확장) baseline_rank=1 -> reranked_rank=1 | 알뜰폰 요금제 비교는 어디서 확인할 수 있나요?
[동일] R153 (확장) baseline_rank=1 -> reranked_rank=1 | 알뜰폰 가입 절차 관련 문의는 어디서 할 수 있나요?
[동일] R154 (확장) baseline_rank=1 -> reranked_rank=1 | 자급제 단말기 유심 호환성 관련 문의는 어디서 할 수 있나요?
[동일] R155 (확장) baseline_rank=1 -> reranked_rank=1 | 알뜰폰에서 5G 사용 가능 여부는 어디서 확인할 수 있나요?
[동일] R156 (확장) baseline_rank=1 -> reranked_rank=1 | 자급제 단말기 유심 호환성는 어디서 확인할 수 있나요?
[동일] R157 (확장) baseline_rank=1 -> reranked_rank=1 | 알뜰폰 요금제 비교 관련해서 문의는 어디로 할까요?
[동일] R158 (확장) baseline_rank=1 -> reranked_rank=1 | 알뜰폰 가입 절차는 어디서 확인할 수 있나요?
[동일] R159 (확장) baseline_rank=1 -> reranked_rank=1 | 자급제 단말기 유심 호환성 관련해서 문의는 어디로 할까요?
[동일] R160 (확장) baseline_rank=1 -> reranked_rank=1 | 알뜰폰 가입 절차 관련해서 문의는 어디로 할까요?
[동일] R161 (확장) baseline_rank=1 -> reranked_rank=1 | 본인확인서비스(PASS) 이용 관련 문제가 있을 때는 어떻게 해야 하나요?
[동일] R162 (확장) baseline_rank=1 -> reranked_rank=1 | 명의도용 방지 서비스는 어떻게 해야 하나요?
[동일] R163 (확장) baseline_rank=1 -> reranked_rank=1 | 개인정보 제3자 제공 동의 철회는 어떻게 해야 하나요?
[악화(순위 하락, k 안에서는 유지)] R164 (확장) baseline_rank=1 -> reranked_rank=2 | 휴대폰 인증 오류는 어떻게 해야 하나요?
[동일] R165 (확장) baseline_rank=1 -> reranked_rank=1 | 명의도용 방지 서비스 관련 문제가 생기면 어떻게 할까요?
[동일] R166 (확장) baseline_rank=1 -> reranked_rank=1 | 개인정보 제3자 제공 동의 철회는 어떻게 해야 하나요?
[동일] R167 (확장) baseline_rank=1 -> reranked_rank=1 | 휴대폰 인증 오류 관련 문제가 생기면 어떻게 할까요?
[동일] R168 (확장) baseline_rank=1 -> reranked_rank=1 | 본인확인서비스(PASS) 이용는 어떻게 해야 하나요?
[동일] R169 (확장) baseline_rank=1 -> reranked_rank=1 | 본인확인서비스(PASS) 이용 관련 문제가 생기면 어떻게 할까요?
[동일] R170 (확장) baseline_rank=1 -> reranked_rank=1 | 본인확인서비스(PASS) 이용는 어떻게 해야 하나요?
[동일] R171 (확장) baseline_rank=1 -> reranked_rank=1 | 주차 가능한 매장를 찾을 수 있을까요?
[동일] R172 (확장) baseline_rank=1 -> reranked_rank=1 | 혹시 주차 가능한 매장를 찾을 수 있을까요?
[동일] R173 (확장) baseline_rank=1 -> reranked_rank=1 | 혹시 장애인 편의시설을 갖춘 매장를 찾을 수 있을까요?
[동일] R174 (확장) baseline_rank=1 -> reranked_rank=1 | 혹시 심야 운영 매장를 찾을 수 있을까요?
[동일] R175 (확장) baseline_rank=1 -> reranked_rank=1 | 장애인 편의시설을 갖춘 매장를 찾을 수 있을까요?
[악화(순위 하락, k 안에서는 유지)] R176 (확장) baseline_rank=1 -> reranked_rank=2 | 심야 운영 매장를 찾을 수 있을까요?
[동일] R177 (확장) baseline_rank=1 -> reranked_rank=1 | 예약 방문 가능한 매장를 찾을 수 있을까요?
[동일] R178 (확장) baseline_rank=1 -> reranked_rank=1 | 혹시 예약 방문 가능한 매장를 찾을 수 있을까요?

======================================================================
회차 1 | 2026-09-11 17:10:32 | reranker = bge-reranker-v2-m3 (final_k=5, buffer=10)
======================================================================
[동일] E01 (Easy) baseline_rank=1 -> reranked_rank=1 | 해외 데이터 로밍 요금은 어떻게 되나요?
[개선(순위 상승)] E02 (Easy) baseline_rank=3 -> reranked_rank=2 | 휴대폰을 분실하면 어떻게 해야 하나요?
[동일] E03 (Easy) baseline_rank=1 -> reranked_rank=1 | 데이터 속도가 갑자기 느려졌어요.
[개선(순위 상승)] E04 (Easy) baseline_rank=2 -> reranked_rank=1 | 데이터 사용량을 확인하고 싶어요.
[동일] E05 (Easy) baseline_rank=1 -> reranked_rank=1 | 유심을 재발급받으려면 어떻게 하나요?
[동일] E06 (Easy) baseline_rank=1 -> reranked_rank=1 | 번호를 변경하려면 어떻게 하나요?
[동일] E07 (Easy) baseline_rank=1 -> reranked_rank=1 | 이번 달 휴대폰 요금이 너무 많이 나왔어요.
[동일] E08 (Easy) baseline_rank=1 -> reranked_rank=1 | 약정 중 해지하면 위약금이 발생하나요?
[동일] E10 (Easy) baseline_rank=1 -> reranked_rank=1 | 해외에서 데이터 로밍을 차단하고 싶어요.
[동일] M01 (Medium) baseline_rank=10 -> reranked_rank=7 | 일본에서 인터넷 좀 쓰면 추가 요금 많이 붙나요?
[악화(순위 하락, k 안에서는 유지)] M02 (Medium) baseline_rank=2 -> reranked_rank=3 | 폰을 어디에 뒀는지 모르겠는데 일단 아무도 못 쓰게 하고 싶어요.
[동일] M03 (Medium) baseline_rank=1 -> reranked_rank=1 | 유튜브가 갑자기 엄청 느려졌는데 데이터를 다 쓴 걸까요?
[동일] M04 (Medium) baseline_rank=1 -> reranked_rank=1 | 이번 달 인터넷 얼마나 썼는지 어디서 봐요?
[개선(k 밖이었는데 들어옴)] M05 (Medium) baseline_rank=9 -> reranked_rank=2 | 심카드를 잃어버려서 새 걸 받아야 할 것 같아요.
[개선(순위 상승)] M06 (Medium) baseline_rank=5 -> reranked_rank=4 | 새 폰을 샀는데 지금 쓰는 010 번호 계속 쓸 수 있나요?
[동일] M07 (Medium) baseline_rank=1 -> reranked_rank=1 | 평소에는 5만원인데 이번 달에는 10만원이 나왔어요.
[동일] M08 (Medium) baseline_rank=1 -> reranked_rank=1 | 계약 기간이 아직 남았는데 통신사를 옮기면 돈 내야 하나요?
[동일] M10 (Medium) baseline_rank=2 -> reranked_rank=2 | 해외에서는 와이파이만 쓰고 휴대폰 인터넷은 아예 꺼두고 싶어요.
[동일] H01 (Hard) baseline_rank=9 -> reranked_rank=6 | 일본 여행 가서 카톡이랑 유튜브 좀 쓰려고 하는데 그냥 쓰면 요금 많이 나오나요?
[개선(k 밖이었는데 들어옴)] H02 (Hard) baseline_rank=8 -> reranked_rank=4 | 지하철에 폰을 두고 내린 것 같은데 누가 전화나 데이터를 못 쓰게 하고 싶어요.
[악화(순위 하락, k 안에서는 유지)] H03 (Hard) baseline_rank=1 -> reranked_rank=3 | 데이터 연결은 되어 있는데 영상이 거의 안 돌아가요. 이번 달 데이터를 다 써서 그런 건가요?
[악화(순위 하락, k 안에서는 유지)] H04 (Hard) baseline_rank=1 -> reranked_rank=2 | 유심을 잃어버려서 지금 번호 그대로 새 유심을 받아야 하는데 어떻게 하나요?
[동일] H05 (Hard) baseline_rank=1 -> reranked_rank=1 | 통신사는 그대로 쓰고 휴대폰만 새 걸로 바꿨는데 번호를 계속 쓰려면 어떻게 해야 하나요?
[동일] H06 (Hard) baseline_rank=1 -> reranked_rank=1 | 해외여행 다녀온 뒤 이번 달 통신비가 갑자기 두 배로 나왔어요. 왜 그런가요?
[개선(순위 상승)] H07 (Hard) baseline_rank=2 -> reranked_rank=1 | 중국에 가는데 호텔 와이파이만 쓰고 실수로 데이터가 켜져서 돈 나가는 것도 막고 싶어요.
[동일] H08 (Hard) baseline_rank=1 -> reranked_rank=1 | 폰은 그대로 쓸 건데 스팸 전화가 너무 와서 제 번호 자체를 바꾸고 싶습니다.
[동일] H10 (Hard) baseline_rank=1 -> reranked_rank=1 | 약정이 6개월 남았는데 번호는 유지하면서 다른 통신사로 옮기려고 합니다. 추가로 내야 할 돈이 있나요?
[동일] C01 (구어체) baseline_rank=1 -> reranked_rank=1 | eSIM이 정확히 뭔지 잘 모르겠는데 유심이랑 다른 거임?
[동일] C02 (구어체) baseline_rank=1 -> reranked_rank=1 | 자꾸 스팸 문자 오는데 이거 막을 방법 없나?
[동일] C03 (구어체) baseline_rank=1 -> reranked_rank=1 | 데이터 무제한으로 맘껏 쓸 수 있는 요금제 있음?
[동일] C04 (구어체) baseline_rank=1 -> reranked_rank=1 | 고객센터 몇 시까지 하는지 아는 사람?
[동일] C05 (구어체) baseline_rank=1 -> reranked_rank=1 | 폰 중고로 바꿔도 괜찮은 거지?
[동일] C06 (구어체) baseline_rank=1 -> reranked_rank=1 | 핫스팟 켜서 쓸 수 있는 거 맞죠?
[동일] C07 (구어체) baseline_rank=1 -> reranked_rank=1 | 청구서 메일로 받아보고 싶은데 가능해요?
[동일] C08 (구어체) baseline_rank=1 -> reranked_rank=1 | 정지된 거 다시 풀려면 어떻게 해야 되나요?
[동일] C09 (구어체) baseline_rank=1 -> reranked_rank=1 | 가족끼리 묶어서 할인받는 거 신청하려면 어떻게 함?
[동일] C10 (구어체) baseline_rank=1 -> reranked_rank=1 | 번호 바꾸면 예전 번호로 온 문자는 어떻게 되는 거예요?
[동일] T01 (오타) baseline_rank=1 -> reranked_rank=1 | 번호이동 할려면 머 해야되요
[동일] T02 (오타) baseline_rank=1 -> reranked_rank=1 | 데이타 사용량 확인하는법 알려주세요
[동일] T03 (오타) baseline_rank=1 -> reranked_rank=1 | 요금이 왜케 마니나왔조
[동일] T04 (오타) baseline_rank=1 -> reranked_rank=1 | 소액결재 차단할수있나요
[동일] T05 (오타) baseline_rank=1 -> reranked_rank=1 | 특정번호 차단하는법 알고싶어요
[동일] T06 (오타) baseline_rank=1 -> reranked_rank=1 | 약정중해지하면 위약금 잇나요
[동일] T07 (오타) baseline_rank=1 -> reranked_rank=1 | 가까운매장 어떻게찾나요
[동일] T08 (오타) baseline_rank=1 -> reranked_rank=1 | 해외데이타로밍 요금이 얼마에요
[동일] T09 (오타) baseline_rank=1 -> reranked_rank=1 | 유심이 인식이 안되요 휴대폰에서
[동일] T10 (오타) baseline_rank=1 -> reranked_rank=1 | 요금제바꾸고싶은데 어떡게하나요
[개선(순위 상승)] L01 (긴질문) baseline_rank=2 -> reranked_rank=1 | 다음 달에 유럽 여행을 가는데 거기서 인터넷을 좀 써야 할 것 같아서요. 로밍이라는 게 있다고는 들었는데 정확히 어떻게 요금이 매겨지는 건지 감이 안 와서 여쭤봐요. 데이터 요금이 어떻게 되나요?
[개선(순위 상승)] L02 (긴질문) baseline_rank=4 -> reranked_rank=2 | 어제 출근하다가 휴대폰을 잃어버렸는데 안에 유심도 들어 있고 번호는 그대로 쓰고 싶어요. 새 유심을 받을 수 있나요?
[악화(순위 하락, k 안에서는 유지)] L03 (긴질문) baseline_rank=1 -> reranked_rank=2 | 제가 지금 2년 약정으로 쓰고 있는데 아직 6개월 정도 남았거든요. 근데 갑자기 사정이 생겨서 다른 통신사로 옮겨야 할 것 같은데, 이 경우에 위약금도 내야 하고 아직 남은 할부금도 있는 걸로 아는데 이거 어떻게 처리되는 건지 자세히 알고 싶어요.
[동일] L04 (긴질문) baseline_rank=1 -> reranked_rank=1 | 제가 예전에 데이터를 다 써서 요금이 엄청 많이 나온 적이 있었거든요. 그래서 이번에는 데이터가 다 되기 전에 미리 알 수 있으면 좋겠는데, 그런 식으로 알림 받을 수 있는 방법이 있나요?
[동일] L05 (긴질문) baseline_rank=1 -> reranked_rank=1 | 최근에 최신 스마트폰으로 바꿨는데 분명히 5G 요금제를 쓰고 있는데도 화면에 계속 LTE라고만 떠서요. 설정을 잘못 만진 건지 아니면 원래 이 지역에서 5G가 안 잡히는 건지 헷갈리는데, 왜 이런 건가요?
[악화(순위 하락, k 안에서는 유지)] L06 (긴질문) baseline_rank=2 -> reranked_rank=3 | 부모님 명의로 되어 있는 휴대폰을 제 명의로 바꾸고 싶은데, 절차가 복잡한지 궁금하고 혹시 두 사람이 같이 매장에 가야 하는 건지 아니면 온라인으로도 처리가 가능한 건지 알고 싶어요.
[동일] L07 (긴질문) baseline_rank=1 -> reranked_rank=1 | 저희 가족이 다 같은 통신사를 쓰고 있는데, 저는 데이터를 항상 남기고 동생은 항상 데이터가 부족해서 추가로 요금을 내고 있거든요. 이런 경우에 가족끼리 데이터를 나눠 쓸 수 있는 방법이 있는지 궁금해요.
[동일] L08 (긴질문) baseline_rank=1 -> reranked_rank=1 | 이번에 해외로 몇 달 정도 나가 있을 예정이라 그동안 휴대폰을 아예 안 쓸 것 같은데, 그렇다고 완전히 해지하기는 아까워서요. 혹시 일시적으로 사용을 멈춰두는 방법이 있고, 그 기간에도 요금이 계속 나가는 건지 궁금합니다.
[동일] L09 (긴질문) baseline_rank=1 -> reranked_rank=1 | 제 폰이 eSIM이랑 일반 유심을 둘 다 지원하는 기종이라고 들었는데, 회사폰이랑 개인폰 번호를 하나의 휴대폰으로 같이 쓰고 싶어서요. 이렇게 두 개를 동시에 활성화해서 쓰는 게 가능한 건가요?
[동일] L10 (긴질문) baseline_rank=1 -> reranked_rank=1 | 제가 매달 요금제에 포함된 데이터를 거의 다 못 쓰고 남기는 편인데, 이렇게 남는 데이터가 있으면 그냥 사라지는 건지 아니면 혹시 다음 달로 넘겨서 쓸 수 있는 그런 제도가 있는지 궁금해서 여쭤봐요.
[동일] R001 (확장) baseline_rank=1 -> reranked_rank=1 | 만 65세 이상 시니어 요금제로 변경하려면 위약금이 발생할까요?
[동일] R002 (확장) baseline_rank=1 -> reranked_rank=1 | 온라인 전용 요금제를 신청하려면 어떻게 할까요?
[동일] R003 (확장) baseline_rank=1 -> reranked_rank=1 | 5G 다이렉트 44는 약정 없이도 쓸 수 있나요?
[동일] R004 (확장) baseline_rank=1 -> reranked_rank=1 | 다이렉트 요금제는 부가통화 무제한으로 쓸 수 있나요?
[동일] R005 (확장) baseline_rank=1 -> reranked_rank=1 | 혹시 LTE 선택 요금제의 기본요금이 얼마인지 궁금해요.
[동일] R006 (확장) baseline_rank=1 -> reranked_rank=1 | 온라인 전용 요금제와 다른 요금제는 뭐가 다른가요?
[동일] R007 (확장) baseline_rank=1 -> reranked_rank=1 | 혹시 복지 감면 요금제와 다른 요금제는 뭐가 다른가요?
[동일] R008 (확장) baseline_rank=1 -> reranked_rank=1 | 혹시 온라인 전용 요금제의 기본요금이 얼마인지 궁금해요.
[동일] R009 (확장) baseline_rank=1 -> reranked_rank=1 | 혹시 시니어 전용 요금제의 기본요금이 얼마인지 궁금해요.
[동일] R010 (확장) baseline_rank=1 -> reranked_rank=1 | 5G 다이렉트 25를 신청하려면 어떻게 할까요?
[동일] R011 (확장) baseline_rank=1 -> reranked_rank=1 | 세대주 명의 이전는 처리까지 얼마나 걸리나요?
[동일] R012 (확장) baseline_rank=1 -> reranked_rank=1 | 알뜰폰에서 번호이동는 처리까지 시간이 얼마나 소요되나요?
[동일] R013 (확장) baseline_rank=1 -> reranked_rank=1 | 외국인 명의 신규가입를 취소하고 싶은데 가능한가요?
[동일] R014 (확장) baseline_rank=1 -> reranked_rank=1 | 미성년자 명의 신규가입는 처리까지 얼마나 걸리나요?
[동일] R015 (확장) baseline_rank=1 -> reranked_rank=1 | 가족 회선 추가 가입를 취소하고 싶은데 가능한가요?
[동일] R016 (확장) baseline_rank=1 -> reranked_rank=1 | 세대주 명의 이전는 어떤 절차로 진행되나요?
[동일] R017 (확장) baseline_rank=1 -> reranked_rank=1 | 세대주 명의 이전는 처리까지 시간이 얼마나 소요되나요?
[동일] R018 (확장) baseline_rank=1 -> reranked_rank=1 | 자녀 명의로 회선 개설는 처리까지 얼마나 걸리나요?
[동일] R019 (확장) baseline_rank=1 -> reranked_rank=1 | 세대주 명의 이전는 어떤 절차로 진행되나요?
[동일] R020 (확장) baseline_rank=1 -> reranked_rank=1 | 타 통신사에서 번호이동 시 필요한 서류가 가능한가요?
[동일] R021 (확장) baseline_rank=1 -> reranked_rank=1 | 혹시 듀얼 eSIM 설정 비용이 얼마나 드는지 궁금해요.
[동일] R022 (확장) baseline_rank=1 -> reranked_rank=1 | eSIM QR코드 발급는 신청 방법이 어떻게 되나요?
[동일] R023 (확장) baseline_rank=1 -> reranked_rank=1 | 혹시 유심 무료 재발급 대상는 꼭 매장에 가야만 되나요?
[동일] R024 (확장) baseline_rank=1 -> reranked_rank=1 | 유심 무료 재발급 대상는 꼭 매장에 가야만 되나요?
[악화(순위 하락, k 안에서는 유지)] R025 (확장) baseline_rank=1 -> reranked_rank=2 | eSIM 신규 발급 하고 나서 바로 쓸 수 있나요?
[동일] R026 (확장) baseline_rank=1 -> reranked_rank=1 | 유심 무료 재발급 대상 하고 나서 바로 쓸 수 있나요?
[동일] R027 (확장) baseline_rank=1 -> reranked_rank=1 | 혹시 eSIM QR코드 발급는 꼭 매장에 가야만 되나요?
[동일] R028 (확장) baseline_rank=1 -> reranked_rank=1 | eSIM QR코드 발급는 꼭 매장에 가야만 되나요?
[동일] R029 (확장) baseline_rank=1 -> reranked_rank=1 | 혹시 듀얼 eSIM 설정는 꼭 매장에 가야만 되나요?
[동일] R030 (확장) baseline_rank=1 -> reranked_rank=1 | 유심 크기(나노/마이크로) 변경는 어떤 방법으로 신청할 수 있나요?
[동일] R031 (확장) baseline_rank=1 -> reranked_rank=1 | 5G 커버리지 확인 문제가 생겼는데 어떻게 해결해야 하나요?
[동일] R032 (확장) baseline_rank=1 -> reranked_rank=1 | 특정 앱에서만 느린 데이터 속도 문제는 어떻게 해결할까요?
[동일] R033 (확장) baseline_rank=1 -> reranked_rank=1 | 혹시 와이파이 자동 전환이 잘 안 되는데 뭘 확인해봐야 하나요?
[동일] R034 (확장) baseline_rank=1 -> reranked_rank=1 | 5G 커버리지 확인 관련 설정을 바꾸려면 어디로 가야 하나요?
[동일] R035 (확장) baseline_rank=1 -> reranked_rank=1 | 데이터 로밍 자동 차단 문제는 어떻게 해결할까요?
[동일] R036 (확장) baseline_rank=1 -> reranked_rank=1 | 데이터 사용량 초과 후 속도 제한 문제는 어떻게 해결할까요?
[동일] R037 (확장) baseline_rank=1 -> reranked_rank=1 | 특정 앱에서만 느린 데이터 속도 관련 설정은 어디서 변경할까요?
[동일] R038 (확장) baseline_rank=1 -> reranked_rank=1 | 와이파이 자동 전환 문제는 어떻게 해결할까요?
[동일] R039 (확장) baseline_rank=1 -> reranked_rank=1 | 지하철에서 데이터 연결 문제는 어떻게 해결할까요?
[동일] R040 (확장) baseline_rank=1 -> reranked_rank=1 | 혹시 지하철에서 데이터 연결이 잘 안 되는데 뭘 확인해봐야 하나요?
[동일] R041 (확장) baseline_rank=1 -> reranked_rank=1 | 혹시 유럽 로밍 요금제은 얼마나 나오나요?
[동일] R042 (확장) baseline_rank=1 -> reranked_rank=1 | 환승 중 로밍 요금은 언제부터 적용이 되나요?
[동일] R043 (확장) baseline_rank=1 -> reranked_rank=1 | 환승 중 로밍 요금은 신청 방법이 궁금해요.
[동일] R044 (확장) baseline_rank=1 -> reranked_rank=1 | 일본 로밍 요금제 쓰다가 데이터를 다 쓰면 어떻게 되나요?
[동일] R045 (확장) baseline_rank=1 -> reranked_rank=1 | 로밍 데이터 무제한 상품 쓰다가 데이터를 다 쓰면 어떻게 되나요?
[동일] R046 (확장) baseline_rank=1 -> reranked_rank=1 | 혹시 일본 로밍 요금제은 얼마나 나오나요?
[동일] R047 (확장) baseline_rank=1 -> reranked_rank=1 | 혹시 동남아 로밍 요금제은 얼마나 나오나요?
[동일] R048 (확장) baseline_rank=1 -> reranked_rank=1 | 로밍 데이터 무제한 상품은 언제부터 적용될까요?
[동일] R049 (확장) baseline_rank=1 -> reranked_rank=1 | 크루즈 여행 중 로밍은 어떻게 신청할까요?
[동일] R050 (확장) baseline_rank=1 -> reranked_rank=1 | 동남아 로밍 요금제은 언제부터 적용이 되나요?
[동일] R051 (확장) baseline_rank=1 -> reranked_rank=1 | 가족 통합 청구서는 어떤 방법으로 신청할 수 있나요?
[동일] R052 (확장) baseline_rank=1 -> reranked_rank=1 | 복지 요금 감면 신청는 매달 자동으로 되는 건가요?
[동일] R053 (확장) baseline_rank=1 -> reranked_rank=1 | 가족 통합 청구서 관련해서 어디에 문의하면 되나요?
[동일] R054 (확장) baseline_rank=1 -> reranked_rank=1 | 법인 명의 청구서는 매달 자동으로 되는 건가요?
[동일] R055 (확장) baseline_rank=1 -> reranked_rank=1 | 가족 통합 청구서는 매달 자동으로 적용될까요?
[동일] R056 (확장) baseline_rank=1 -> reranked_rank=1 | 미납 요금 분할 납부는 매달 자동으로 적용될까요?
[동일] R057 (확장) baseline_rank=1 -> reranked_rank=1 | 청구서 발행일 변경 관련 문의는 어디서 할까요?
[동일] R058 (확장) baseline_rank=1 -> reranked_rank=1 | 선불 요금 충전는 신청 방법이 어떻게 되나요?
[동일] R059 (확장) baseline_rank=1 -> reranked_rank=1 | 선불 요금 충전는 어떤 방법으로 신청할 수 있나요?
[동일] R060 (확장) baseline_rank=1 -> reranked_rank=1 | 요금 할인 쿠폰 적용 관련 문의는 어디서 할까요?
[동일] R061 (확장) baseline_rank=1 -> reranked_rank=1 | 선택약정 할인 해지은 시간이 얼마나 걸리나요?
[동일] R062 (확장) baseline_rank=1 -> reranked_rank=1 | 해지 후 재가입 제한기간은 시간이 얼마나 걸리나요?
[동일] R063 (확장) baseline_rank=1 -> reranked_rank=1 | 위약금 분할 납부 할 때 조심해야 할 점이 있나요?
[동일] R064 (확장) baseline_rank=1 -> reranked_rank=1 | 미성년자 명의 해지 할 때 조심해야 할 점이 있나요?
[동일] R065 (확장) baseline_rank=1 -> reranked_rank=1 | 번호이동으로 인한 자동 해지는 어떻게 처리할까요?
[동일] R066 (확장) baseline_rank=1 -> reranked_rank=1 | 선택약정 할인 해지에는 처리까지 시간이 얼마나 소요되나요?
[동일] R067 (확장) baseline_rank=1 -> reranked_rank=1 | 해지 후 재가입 제한기간는 처리 방법이 궁금해요.
[동일] R068 (확장) baseline_rank=1 -> reranked_rank=1 | 법인 회선 해지는 처리 방법이 궁금해요.
[동일] R069 (확장) baseline_rank=1 -> reranked_rank=1 | 위약금 분할 납부에는 처리까지 시간이 얼마나 소요되나요?
[동일] R070 (확장) baseline_rank=1 -> reranked_rank=1 | 결합상품 동시 해지는 어떻게 처리할까요?
[동일] R071 (확장) baseline_rank=1 -> reranked_rank=1 | 분실폰 데이터 원격 삭제 관련해서 비용이 드는지 궁금해요.
[동일] R072 (확장) baseline_rank=1 -> reranked_rank=1 | 분실폰 원격 잠금는 어떻게 해야 하나요?
[동일] R073 (확장) baseline_rank=1 -> reranked_rank=1 | 타인이 주운 휴대폰 발견 시 신고 관련 비용이 발생할까요?
[동일] R074 (확장) baseline_rank=1 -> reranked_rank=1 | 해외에서 분실 관련해서 비용이 드는지 궁금해요.
[동일] R075 (확장) baseline_rank=1 -> reranked_rank=1 | 분실 후 보험 청구는 어떻게 해야 하나요?
[동일] R076 (확장) baseline_rank=1 -> reranked_rank=1 | 분실폰 원격 잠금는 어떻게 해야 하나요?
[동일] R077 (확장) baseline_rank=1 -> reranked_rank=1 | 분실폰 원격 잠금 관련 비용이 발생할까요?
[동일] R078 (확장) baseline_rank=1 -> reranked_rank=1 | 분실폰 원격 잠금 관련해서 비용이 드는지 궁금해요.
[동일] R079 (확장) baseline_rank=1 -> reranked_rank=1 | 해외에서 분실는 어떻게 해야 하나요?
[동일] R080 (확장) baseline_rank=1 -> reranked_rank=1 | 분실 후 보험 청구는 어떻게 해야 하나요?
[동일] R081 (확장) baseline_rank=1 -> reranked_rank=1 | 영상통화 요금는 추가로 요금이 붙나요?
[동일] R082 (확장) baseline_rank=1 -> reranked_rank=1 | 컬러링 설정는 어떤 식으로 이용하면 되나요?
[동일] R083 (확장) baseline_rank=1 -> reranked_rank=1 | 부재중 전화 알림 설정는 추가로 요금이 붙나요?
[동일] R084 (확장) baseline_rank=1 -> reranked_rank=1 | 스팸 전화 자동 차단는 어떤 식으로 이용하면 되나요?
[동일] R085 (확장) baseline_rank=1 -> reranked_rank=1 | 부재중 전화 알림 설정는 이용 방법이 궁금해요.
[동일] R086 (확장) baseline_rank=1 -> reranked_rank=1 | 부재중 전화 알림 설정는 어떤 식으로 이용하면 되나요?
[동일] R087 (확장) baseline_rank=1 -> reranked_rank=1 | 스팸 전화 자동 차단는 별도 요금이 발생할까요?
[동일] R088 (확장) baseline_rank=1 -> reranked_rank=1 | 스팸 전화 자동 차단는 이용 방법이 궁금해요.
[동일] R089 (확장) baseline_rank=1 -> reranked_rank=1 | 국제문자 발송는 어떤 식으로 이용하면 되나요?
[동일] R090 (확장) baseline_rank=1 -> reranked_rank=1 | 그룹 문자 발송 제한는 별도 요금이 발생할까요?
[동일] R091 (확장) baseline_rank=1 -> reranked_rank=1 | 본인인증 재설정는 어떤 식으로 이용하면 되나요?
[동일] R092 (확장) baseline_rank=1 -> reranked_rank=1 | 개인정보 열람 신청는 어떤 식으로 이용하면 되나요?
[동일] R093 (확장) baseline_rank=1 -> reranked_rank=1 | 청각장애인 전용 상담는 이용 방법이 궁금해요.
[동일] R094 (확장) baseline_rank=1 -> reranked_rank=1 | 영상 상담 서비스는 어떤 식으로 이용하면 되나요?
[동일] R095 (확장) baseline_rank=1 -> reranked_rank=1 | 카카오톡 상담 운영시간이 궁금해요.
[동일] R096 (확장) baseline_rank=1 -> reranked_rank=1 | 챗봇 상담 운영시간은 어떻게 될까요?
[동일] R097 (확장) baseline_rank=1 -> reranked_rank=1 | 챗봇 상담 운영시간이 궁금해요.
[동일] R098 (확장) baseline_rank=1 -> reranked_rank=1 | 영상 상담 서비스 운영시간이 궁금해요.
[동일] R099 (확장) baseline_rank=1 -> reranked_rank=1 | 카카오톡 상담는 어떤 식으로 이용하면 되나요?
[동일] R100 (확장) baseline_rank=1 -> reranked_rank=1 | 개인정보 열람 신청 운영시간은 어떻게 될까요?
[동일] R101 (확장) baseline_rank=1 -> reranked_rank=1 | 웨어러블 기기 회선 개통 시 필요한 준비물이 가능한가요?
[동일] R102 (확장) baseline_rank=1 -> reranked_rank=1 | 해외 구매 단말기 개통 시 필요한 준비물이 가능한가요?
[동일] R103 (확장) baseline_rank=1 -> reranked_rank=1 | 선불폰 개통 시 필요한 준비물이 가능한가요?
[악화(순위 하락, k 안에서는 유지)] R104 (확장) baseline_rank=1 -> reranked_rank=2 | 해외 구매 단말기 개통 하려면 뭘 챙겨가야 하나요?
[악화(순위 하락, k 안에서는 유지)] R105 (확장) baseline_rank=1 -> reranked_rank=2 | 웨어러블 기기 회선 개통 하려면 뭘 챙겨가야 하나요?
[악화(순위 하락, k 안에서는 유지)] R106 (확장) baseline_rank=1 -> reranked_rank=2 | 태블릿 데이터 전용 회선 개통 하려면 뭘 챙겨가야 하나요?
[동일] R107 (확장) baseline_rank=1 -> reranked_rank=1 | 자급제 단말기 개통 시 필요한 준비물이 가능한가요?
[동일] R108 (확장) baseline_rank=1 -> reranked_rank=1 | IoT 전용 회선 개통 시 필요한 준비물이 가능한가요?
[동일] R109 (확장) baseline_rank=1 -> reranked_rank=1 | 태블릿 데이터 전용 회선 개통는 어떻게 해야 하나요?
[동일] R110 (확장) baseline_rank=1 -> reranked_rank=1 | IoT 전용 회선 개통는 어떻게 해야 하나요?
[동일] R111 (확장) baseline_rank=1 -> reranked_rank=1 | 발신번호 표시 서비스는 어떤 방법으로 신청할 수 있나요?
[동일] R112 (확장) baseline_rank=1 -> reranked_rank=1 | 해외 발신 표시 서비스는 아이폰에서도 되나요?
[동일] R113 (확장) baseline_rank=1 -> reranked_rank=1 | 혹시 메시지 예약 발송는 아이폰에서도 되나요?
[동일] R114 (확장) baseline_rank=1 -> reranked_rank=1 | 통화 녹음 서비스는 아이폰에서도 되나요?
[동일] R115 (확장) baseline_rank=1 -> reranked_rank=1 | 혹시 해외 발신 표시 서비스는 아이폰에서도 되나요?
[동일] R116 (확장) baseline_rank=1 -> reranked_rank=1 | 해외 발신 표시 서비스는 어떤 방법으로 신청할 수 있나요?
[동일] R117 (확장) baseline_rank=1 -> reranked_rank=1 | 혹시 통화 녹음 서비스는 아이폰에서도 되나요?
[동일] R118 (확장) baseline_rank=1 -> reranked_rank=1 | 번호도용 문자 차단는 아이폰에서도 되나요?
[동일] R119 (확장) baseline_rank=1 -> reranked_rank=1 | 혹시 통화 품질 향상 서비스는 돈 안 내도 되나요?
[동일] R120 (확장) baseline_rank=1 -> reranked_rank=1 | 혹시 지능형 스팸 차단는 돈 안 내도 되나요?
[동일] R121 (확장) baseline_rank=1 -> reranked_rank=1 | 포인트 유효기간 관련 유의사항이 가능한가요?
[동일] R122 (확장) baseline_rank=1 -> reranked_rank=1 | 포인트 유효기간는 자동으로 적용될까요?
[동일] R123 (확장) baseline_rank=1 -> reranked_rank=1 | 생일 축하 쿠폰 관련해서 조심해야 할 게 있을까요?
[동일] R124 (확장) baseline_rank=1 -> reranked_rank=1 | 멤버십 제휴 할인는 어디서 확인할 수 있나요?
[동일] R125 (확장) baseline_rank=1 -> reranked_rank=1 | 포인트를 데이터로 전환는 어디서 확인할 수 있나요?
[동일] R126 (확장) baseline_rank=1 -> reranked_rank=1 | 통신사 멤버십 등급는 자동으로 적용될까요?
[동일] R127 (확장) baseline_rank=1 -> reranked_rank=1 | 포인트 유효기간 관련해서 조심해야 할 게 있을까요?
[동일] R128 (확장) baseline_rank=1 -> reranked_rank=1 | 포인트 유효기간는 어디서 확인할 수 있나요?
[동일] R129 (확장) baseline_rank=1 -> reranked_rank=1 | 포인트 유효기간는 자동으로 되는 건가요?
[동일] R130 (확장) baseline_rank=1 -> reranked_rank=1 | 포인트를 데이터로 전환 관련해서 조심해야 할 게 있을까요?
[동일] R131 (확장) baseline_rank=1 -> reranked_rank=1 | 단말기 반납 프로그램는 어디서 할까요?
[동일] R132 (확장) baseline_rank=1 -> reranked_rank=1 | 단말기 소프트웨어 업데이트는 어디 가서 하면 되나요?
[동일] R133 (확장) baseline_rank=1 -> reranked_rank=1 | 단말기 파손보험 가입 후 바로 보상받을 수 있나요?
[동일] R134 (확장) baseline_rank=1 -> reranked_rank=1 | 단말기 반납 프로그램는 어디 가서 하면 되나요?
[동일] R135 (확장) baseline_rank=1 -> reranked_rank=1 | 중고 단말기 시세 조회는 어디 가서 하면 되나요?
[동일] R136 (확장) baseline_rank=1 -> reranked_rank=1 | 혹시 공기계 등록에 돈이 드는지 궁금해요.
[동일] R137 (확장) baseline_rank=1 -> reranked_rank=1 | 혹시 단말기 파손보험에 돈이 드는지 궁금해요.
[동일] R138 (확장) baseline_rank=1 -> reranked_rank=1 | 단말기 할부금 조회에 돈이 드는지 궁금해요.
[동일] R139 (확장) baseline_rank=1 -> reranked_rank=1 | 중고 단말기 시세 조회는 어디서 할까요?
[동일] R140 (확장) baseline_rank=1 -> reranked_rank=1 | 공기계 등록는 어디 가서 하면 되나요?
[동일] R141 (확장) baseline_rank=1 -> reranked_rank=1 | 홈사물인터넷 결합의 할인 혜택이 어떻게 되나요?
[동일] R142 (확장) baseline_rank=1 -> reranked_rank=1 | 결합 해지 시 위약금은 어떻게 신청할까요?
[동일] R143 (확장) baseline_rank=1 -> reranked_rank=1 | 혹시 홈사물인터넷 결합의 할인 혜택이 어떻게 되나요?
[동일] R144 (확장) baseline_rank=1 -> reranked_rank=1 | 혹시 인터넷+휴대폰 결합의 할인 혜택이 어떻게 되나요?
[동일] R145 (확장) baseline_rank=1 -> reranked_rank=1 | 인터넷+휴대폰 결합은 어떻게 신청할까요?
[동일] R146 (확장) baseline_rank=1 -> reranked_rank=1 | 결합 해지 시 위약금은 신청 방법이 궁금해요.
[동일] R147 (확장) baseline_rank=1 -> reranked_rank=1 | 가족 결합 인원 조건의 할인 혜택이 어떻게 되나요?
[동일] R148 (확장) baseline_rank=1 -> reranked_rank=1 | 인터넷+TV+휴대폰 결합은 어떻게 신청할까요?
[동일] R149 (확장) baseline_rank=1 -> reranked_rank=1 | 결합 해지 시 위약금의 할인 혜택이 어떻게 되나요?
[동일] R150 (확장) baseline_rank=1 -> reranked_rank=1 | IPTV 단독 가입의 할인 혜택이 어떻게 되나요?
[동일] R151 (확장) baseline_rank=1 -> reranked_rank=1 | 알뜰폰 요금제 비교는 어디서 확인할 수 있나요?
[동일] R152 (확장) baseline_rank=1 -> reranked_rank=1 | 알뜰폰 요금제 비교는 어디서 확인할 수 있나요?
[동일] R153 (확장) baseline_rank=1 -> reranked_rank=1 | 알뜰폰 가입 절차 관련 문의는 어디서 할 수 있나요?
[동일] R154 (확장) baseline_rank=1 -> reranked_rank=1 | 자급제 단말기 유심 호환성 관련 문의는 어디서 할 수 있나요?
[동일] R155 (확장) baseline_rank=1 -> reranked_rank=1 | 알뜰폰에서 5G 사용 가능 여부는 어디서 확인할 수 있나요?
[동일] R156 (확장) baseline_rank=1 -> reranked_rank=1 | 자급제 단말기 유심 호환성는 어디서 확인할 수 있나요?
[동일] R157 (확장) baseline_rank=1 -> reranked_rank=1 | 알뜰폰 요금제 비교 관련해서 문의는 어디로 할까요?
[동일] R158 (확장) baseline_rank=1 -> reranked_rank=1 | 알뜰폰 가입 절차는 어디서 확인할 수 있나요?
[동일] R159 (확장) baseline_rank=1 -> reranked_rank=1 | 자급제 단말기 유심 호환성 관련해서 문의는 어디로 할까요?
[동일] R160 (확장) baseline_rank=1 -> reranked_rank=1 | 알뜰폰 가입 절차 관련해서 문의는 어디로 할까요?
[동일] R161 (확장) baseline_rank=1 -> reranked_rank=1 | 본인확인서비스(PASS) 이용 관련 문제가 있을 때는 어떻게 해야 하나요?
[동일] R162 (확장) baseline_rank=1 -> reranked_rank=1 | 명의도용 방지 서비스는 어떻게 해야 하나요?
[동일] R163 (확장) baseline_rank=1 -> reranked_rank=1 | 개인정보 제3자 제공 동의 철회는 어떻게 해야 하나요?
[악화(순위 하락, k 안에서는 유지)] R164 (확장) baseline_rank=1 -> reranked_rank=2 | 휴대폰 인증 오류는 어떻게 해야 하나요?
[동일] R165 (확장) baseline_rank=1 -> reranked_rank=1 | 명의도용 방지 서비스 관련 문제가 생기면 어떻게 할까요?
[동일] R166 (확장) baseline_rank=1 -> reranked_rank=1 | 개인정보 제3자 제공 동의 철회는 어떻게 해야 하나요?
[동일] R167 (확장) baseline_rank=1 -> reranked_rank=1 | 휴대폰 인증 오류 관련 문제가 생기면 어떻게 할까요?
[동일] R168 (확장) baseline_rank=1 -> reranked_rank=1 | 본인확인서비스(PASS) 이용는 어떻게 해야 하나요?
[동일] R169 (확장) baseline_rank=1 -> reranked_rank=1 | 본인확인서비스(PASS) 이용 관련 문제가 생기면 어떻게 할까요?
[동일] R170 (확장) baseline_rank=1 -> reranked_rank=1 | 본인확인서비스(PASS) 이용는 어떻게 해야 하나요?
[동일] R171 (확장) baseline_rank=1 -> reranked_rank=1 | 주차 가능한 매장를 찾을 수 있을까요?
[동일] R172 (확장) baseline_rank=1 -> reranked_rank=1 | 혹시 주차 가능한 매장를 찾을 수 있을까요?
[동일] R173 (확장) baseline_rank=1 -> reranked_rank=1 | 혹시 장애인 편의시설을 갖춘 매장를 찾을 수 있을까요?
[동일] R174 (확장) baseline_rank=1 -> reranked_rank=1 | 혹시 심야 운영 매장를 찾을 수 있을까요?
[동일] R175 (확장) baseline_rank=1 -> reranked_rank=1 | 장애인 편의시설을 갖춘 매장를 찾을 수 있을까요?
[악화(순위 하락, k 안에서는 유지)] R176 (확장) baseline_rank=1 -> reranked_rank=2 | 심야 운영 매장를 찾을 수 있을까요?
[동일] R177 (확장) baseline_rank=1 -> reranked_rank=1 | 예약 방문 가능한 매장를 찾을 수 있을까요?
[동일] R178 (확장) baseline_rank=1 -> reranked_rank=1 | 혹시 예약 방문 가능한 매장를 찾을 수 있을까요?

======================================================================
회차 1 | 2026-09-11 17:10:32 | reranker = bge-reranker-v2-m3 (final_k=5, buffer=15)
======================================================================
[동일] E01 (Easy) baseline_rank=1 -> reranked_rank=1 | 해외 데이터 로밍 요금은 어떻게 되나요?
[개선(순위 상승)] E02 (Easy) baseline_rank=3 -> reranked_rank=2 | 휴대폰을 분실하면 어떻게 해야 하나요?
[동일] E03 (Easy) baseline_rank=1 -> reranked_rank=1 | 데이터 속도가 갑자기 느려졌어요.
[개선(순위 상승)] E04 (Easy) baseline_rank=2 -> reranked_rank=1 | 데이터 사용량을 확인하고 싶어요.
[동일] E05 (Easy) baseline_rank=1 -> reranked_rank=1 | 유심을 재발급받으려면 어떻게 하나요?
[동일] E06 (Easy) baseline_rank=1 -> reranked_rank=1 | 번호를 변경하려면 어떻게 하나요?
[동일] E07 (Easy) baseline_rank=1 -> reranked_rank=1 | 이번 달 휴대폰 요금이 너무 많이 나왔어요.
[동일] E08 (Easy) baseline_rank=1 -> reranked_rank=1 | 약정 중 해지하면 위약금이 발생하나요?
[동일] E10 (Easy) baseline_rank=1 -> reranked_rank=1 | 해외에서 데이터 로밍을 차단하고 싶어요.
[동일] M01 (Medium) baseline_rank=10 -> reranked_rank=8 | 일본에서 인터넷 좀 쓰면 추가 요금 많이 붙나요?
[악화(순위 하락, k 안에서는 유지)] M02 (Medium) baseline_rank=2 -> reranked_rank=3 | 폰을 어디에 뒀는지 모르겠는데 일단 아무도 못 쓰게 하고 싶어요.
[동일] M03 (Medium) baseline_rank=1 -> reranked_rank=1 | 유튜브가 갑자기 엄청 느려졌는데 데이터를 다 쓴 걸까요?
[동일] M04 (Medium) baseline_rank=1 -> reranked_rank=1 | 이번 달 인터넷 얼마나 썼는지 어디서 봐요?
[개선(k 밖이었는데 들어옴)] M05 (Medium) baseline_rank=9 -> reranked_rank=2 | 심카드를 잃어버려서 새 걸 받아야 할 것 같아요.
[개선(순위 상승)] M06 (Medium) baseline_rank=5 -> reranked_rank=4 | 새 폰을 샀는데 지금 쓰는 010 번호 계속 쓸 수 있나요?
[동일] M07 (Medium) baseline_rank=1 -> reranked_rank=1 | 평소에는 5만원인데 이번 달에는 10만원이 나왔어요.
[동일] M08 (Medium) baseline_rank=1 -> reranked_rank=1 | 계약 기간이 아직 남았는데 통신사를 옮기면 돈 내야 하나요?
[동일] M10 (Medium) baseline_rank=2 -> reranked_rank=2 | 해외에서는 와이파이만 쓰고 휴대폰 인터넷은 아예 꺼두고 싶어요.
[동일] H01 (Hard) baseline_rank=9 -> reranked_rank=6 | 일본 여행 가서 카톡이랑 유튜브 좀 쓰려고 하는데 그냥 쓰면 요금 많이 나오나요?
[개선(k 밖이었는데 들어옴)] H02 (Hard) baseline_rank=8 -> reranked_rank=4 | 지하철에 폰을 두고 내린 것 같은데 누가 전화나 데이터를 못 쓰게 하고 싶어요.
[악화(순위 하락, k 안에서는 유지)] H03 (Hard) baseline_rank=1 -> reranked_rank=3 | 데이터 연결은 되어 있는데 영상이 거의 안 돌아가요. 이번 달 데이터를 다 써서 그런 건가요?
[악화(순위 하락, k 안에서는 유지)] H04 (Hard) baseline_rank=1 -> reranked_rank=2 | 유심을 잃어버려서 지금 번호 그대로 새 유심을 받아야 하는데 어떻게 하나요?
[동일] H05 (Hard) baseline_rank=1 -> reranked_rank=1 | 통신사는 그대로 쓰고 휴대폰만 새 걸로 바꿨는데 번호를 계속 쓰려면 어떻게 해야 하나요?
[동일] H06 (Hard) baseline_rank=1 -> reranked_rank=1 | 해외여행 다녀온 뒤 이번 달 통신비가 갑자기 두 배로 나왔어요. 왜 그런가요?
[개선(순위 상승)] H07 (Hard) baseline_rank=2 -> reranked_rank=1 | 중국에 가는데 호텔 와이파이만 쓰고 실수로 데이터가 켜져서 돈 나가는 것도 막고 싶어요.
[동일] H08 (Hard) baseline_rank=1 -> reranked_rank=1 | 폰은 그대로 쓸 건데 스팸 전화가 너무 와서 제 번호 자체를 바꾸고 싶습니다.
[동일] H10 (Hard) baseline_rank=1 -> reranked_rank=1 | 약정이 6개월 남았는데 번호는 유지하면서 다른 통신사로 옮기려고 합니다. 추가로 내야 할 돈이 있나요?
[동일] C01 (구어체) baseline_rank=1 -> reranked_rank=1 | eSIM이 정확히 뭔지 잘 모르겠는데 유심이랑 다른 거임?
[동일] C02 (구어체) baseline_rank=1 -> reranked_rank=1 | 자꾸 스팸 문자 오는데 이거 막을 방법 없나?
[동일] C03 (구어체) baseline_rank=1 -> reranked_rank=1 | 데이터 무제한으로 맘껏 쓸 수 있는 요금제 있음?
[동일] C04 (구어체) baseline_rank=1 -> reranked_rank=1 | 고객센터 몇 시까지 하는지 아는 사람?
[동일] C05 (구어체) baseline_rank=1 -> reranked_rank=1 | 폰 중고로 바꿔도 괜찮은 거지?
[동일] C06 (구어체) baseline_rank=1 -> reranked_rank=1 | 핫스팟 켜서 쓸 수 있는 거 맞죠?
[동일] C07 (구어체) baseline_rank=1 -> reranked_rank=1 | 청구서 메일로 받아보고 싶은데 가능해요?
[동일] C08 (구어체) baseline_rank=1 -> reranked_rank=1 | 정지된 거 다시 풀려면 어떻게 해야 되나요?
[동일] C09 (구어체) baseline_rank=1 -> reranked_rank=1 | 가족끼리 묶어서 할인받는 거 신청하려면 어떻게 함?
[동일] C10 (구어체) baseline_rank=1 -> reranked_rank=1 | 번호 바꾸면 예전 번호로 온 문자는 어떻게 되는 거예요?
[동일] T01 (오타) baseline_rank=1 -> reranked_rank=1 | 번호이동 할려면 머 해야되요
[동일] T02 (오타) baseline_rank=1 -> reranked_rank=1 | 데이타 사용량 확인하는법 알려주세요
[동일] T03 (오타) baseline_rank=1 -> reranked_rank=1 | 요금이 왜케 마니나왔조
[동일] T04 (오타) baseline_rank=1 -> reranked_rank=1 | 소액결재 차단할수있나요
[동일] T05 (오타) baseline_rank=1 -> reranked_rank=1 | 특정번호 차단하는법 알고싶어요
[동일] T06 (오타) baseline_rank=1 -> reranked_rank=1 | 약정중해지하면 위약금 잇나요
[동일] T07 (오타) baseline_rank=1 -> reranked_rank=1 | 가까운매장 어떻게찾나요
[동일] T08 (오타) baseline_rank=1 -> reranked_rank=1 | 해외데이타로밍 요금이 얼마에요
[동일] T09 (오타) baseline_rank=1 -> reranked_rank=1 | 유심이 인식이 안되요 휴대폰에서
[동일] T10 (오타) baseline_rank=1 -> reranked_rank=1 | 요금제바꾸고싶은데 어떡게하나요
[개선(순위 상승)] L01 (긴질문) baseline_rank=2 -> reranked_rank=1 | 다음 달에 유럽 여행을 가는데 거기서 인터넷을 좀 써야 할 것 같아서요. 로밍이라는 게 있다고는 들었는데 정확히 어떻게 요금이 매겨지는 건지 감이 안 와서 여쭤봐요. 데이터 요금이 어떻게 되나요?
[개선(순위 상승)] L02 (긴질문) baseline_rank=4 -> reranked_rank=2 | 어제 출근하다가 휴대폰을 잃어버렸는데 안에 유심도 들어 있고 번호는 그대로 쓰고 싶어요. 새 유심을 받을 수 있나요?
[악화(순위 하락, k 안에서는 유지)] L03 (긴질문) baseline_rank=1 -> reranked_rank=2 | 제가 지금 2년 약정으로 쓰고 있는데 아직 6개월 정도 남았거든요. 근데 갑자기 사정이 생겨서 다른 통신사로 옮겨야 할 것 같은데, 이 경우에 위약금도 내야 하고 아직 남은 할부금도 있는 걸로 아는데 이거 어떻게 처리되는 건지 자세히 알고 싶어요.
[동일] L04 (긴질문) baseline_rank=1 -> reranked_rank=1 | 제가 예전에 데이터를 다 써서 요금이 엄청 많이 나온 적이 있었거든요. 그래서 이번에는 데이터가 다 되기 전에 미리 알 수 있으면 좋겠는데, 그런 식으로 알림 받을 수 있는 방법이 있나요?
[동일] L05 (긴질문) baseline_rank=1 -> reranked_rank=1 | 최근에 최신 스마트폰으로 바꿨는데 분명히 5G 요금제를 쓰고 있는데도 화면에 계속 LTE라고만 떠서요. 설정을 잘못 만진 건지 아니면 원래 이 지역에서 5G가 안 잡히는 건지 헷갈리는데, 왜 이런 건가요?
[악화(순위 하락, k 안에서는 유지)] L06 (긴질문) baseline_rank=2 -> reranked_rank=3 | 부모님 명의로 되어 있는 휴대폰을 제 명의로 바꾸고 싶은데, 절차가 복잡한지 궁금하고 혹시 두 사람이 같이 매장에 가야 하는 건지 아니면 온라인으로도 처리가 가능한 건지 알고 싶어요.
[동일] L07 (긴질문) baseline_rank=1 -> reranked_rank=1 | 저희 가족이 다 같은 통신사를 쓰고 있는데, 저는 데이터를 항상 남기고 동생은 항상 데이터가 부족해서 추가로 요금을 내고 있거든요. 이런 경우에 가족끼리 데이터를 나눠 쓸 수 있는 방법이 있는지 궁금해요.
[동일] L08 (긴질문) baseline_rank=1 -> reranked_rank=1 | 이번에 해외로 몇 달 정도 나가 있을 예정이라 그동안 휴대폰을 아예 안 쓸 것 같은데, 그렇다고 완전히 해지하기는 아까워서요. 혹시 일시적으로 사용을 멈춰두는 방법이 있고, 그 기간에도 요금이 계속 나가는 건지 궁금합니다.
[동일] L09 (긴질문) baseline_rank=1 -> reranked_rank=1 | 제 폰이 eSIM이랑 일반 유심을 둘 다 지원하는 기종이라고 들었는데, 회사폰이랑 개인폰 번호를 하나의 휴대폰으로 같이 쓰고 싶어서요. 이렇게 두 개를 동시에 활성화해서 쓰는 게 가능한 건가요?
[동일] L10 (긴질문) baseline_rank=1 -> reranked_rank=1 | 제가 매달 요금제에 포함된 데이터를 거의 다 못 쓰고 남기는 편인데, 이렇게 남는 데이터가 있으면 그냥 사라지는 건지 아니면 혹시 다음 달로 넘겨서 쓸 수 있는 그런 제도가 있는지 궁금해서 여쭤봐요.
[동일] R001 (확장) baseline_rank=1 -> reranked_rank=1 | 만 65세 이상 시니어 요금제로 변경하려면 위약금이 발생할까요?
[동일] R002 (확장) baseline_rank=1 -> reranked_rank=1 | 온라인 전용 요금제를 신청하려면 어떻게 할까요?
[동일] R003 (확장) baseline_rank=1 -> reranked_rank=1 | 5G 다이렉트 44는 약정 없이도 쓸 수 있나요?
[동일] R004 (확장) baseline_rank=1 -> reranked_rank=1 | 다이렉트 요금제는 부가통화 무제한으로 쓸 수 있나요?
[동일] R005 (확장) baseline_rank=1 -> reranked_rank=1 | 혹시 LTE 선택 요금제의 기본요금이 얼마인지 궁금해요.
[동일] R006 (확장) baseline_rank=1 -> reranked_rank=1 | 온라인 전용 요금제와 다른 요금제는 뭐가 다른가요?
[동일] R007 (확장) baseline_rank=1 -> reranked_rank=1 | 혹시 복지 감면 요금제와 다른 요금제는 뭐가 다른가요?
[동일] R008 (확장) baseline_rank=1 -> reranked_rank=1 | 혹시 온라인 전용 요금제의 기본요금이 얼마인지 궁금해요.
[동일] R009 (확장) baseline_rank=1 -> reranked_rank=1 | 혹시 시니어 전용 요금제의 기본요금이 얼마인지 궁금해요.
[동일] R010 (확장) baseline_rank=1 -> reranked_rank=1 | 5G 다이렉트 25를 신청하려면 어떻게 할까요?
[동일] R011 (확장) baseline_rank=1 -> reranked_rank=1 | 세대주 명의 이전는 처리까지 얼마나 걸리나요?
[동일] R012 (확장) baseline_rank=1 -> reranked_rank=1 | 알뜰폰에서 번호이동는 처리까지 시간이 얼마나 소요되나요?
[동일] R013 (확장) baseline_rank=1 -> reranked_rank=1 | 외국인 명의 신규가입를 취소하고 싶은데 가능한가요?
[동일] R014 (확장) baseline_rank=1 -> reranked_rank=1 | 미성년자 명의 신규가입는 처리까지 얼마나 걸리나요?
[동일] R015 (확장) baseline_rank=1 -> reranked_rank=1 | 가족 회선 추가 가입를 취소하고 싶은데 가능한가요?
[동일] R016 (확장) baseline_rank=1 -> reranked_rank=1 | 세대주 명의 이전는 어떤 절차로 진행되나요?
[동일] R017 (확장) baseline_rank=1 -> reranked_rank=1 | 세대주 명의 이전는 처리까지 시간이 얼마나 소요되나요?
[동일] R018 (확장) baseline_rank=1 -> reranked_rank=1 | 자녀 명의로 회선 개설는 처리까지 얼마나 걸리나요?
[동일] R019 (확장) baseline_rank=1 -> reranked_rank=1 | 세대주 명의 이전는 어떤 절차로 진행되나요?
[동일] R020 (확장) baseline_rank=1 -> reranked_rank=1 | 타 통신사에서 번호이동 시 필요한 서류가 가능한가요?
[동일] R021 (확장) baseline_rank=1 -> reranked_rank=1 | 혹시 듀얼 eSIM 설정 비용이 얼마나 드는지 궁금해요.
[동일] R022 (확장) baseline_rank=1 -> reranked_rank=1 | eSIM QR코드 발급는 신청 방법이 어떻게 되나요?
[동일] R023 (확장) baseline_rank=1 -> reranked_rank=1 | 혹시 유심 무료 재발급 대상는 꼭 매장에 가야만 되나요?
[동일] R024 (확장) baseline_rank=1 -> reranked_rank=1 | 유심 무료 재발급 대상는 꼭 매장에 가야만 되나요?
[악화(순위 하락, k 안에서는 유지)] R025 (확장) baseline_rank=1 -> reranked_rank=2 | eSIM 신규 발급 하고 나서 바로 쓸 수 있나요?
[동일] R026 (확장) baseline_rank=1 -> reranked_rank=1 | 유심 무료 재발급 대상 하고 나서 바로 쓸 수 있나요?
[동일] R027 (확장) baseline_rank=1 -> reranked_rank=1 | 혹시 eSIM QR코드 발급는 꼭 매장에 가야만 되나요?
[동일] R028 (확장) baseline_rank=1 -> reranked_rank=1 | eSIM QR코드 발급는 꼭 매장에 가야만 되나요?
[동일] R029 (확장) baseline_rank=1 -> reranked_rank=1 | 혹시 듀얼 eSIM 설정는 꼭 매장에 가야만 되나요?
[동일] R030 (확장) baseline_rank=1 -> reranked_rank=1 | 유심 크기(나노/마이크로) 변경는 어떤 방법으로 신청할 수 있나요?
[동일] R031 (확장) baseline_rank=1 -> reranked_rank=1 | 5G 커버리지 확인 문제가 생겼는데 어떻게 해결해야 하나요?
[동일] R032 (확장) baseline_rank=1 -> reranked_rank=1 | 특정 앱에서만 느린 데이터 속도 문제는 어떻게 해결할까요?
[동일] R033 (확장) baseline_rank=1 -> reranked_rank=1 | 혹시 와이파이 자동 전환이 잘 안 되는데 뭘 확인해봐야 하나요?
[동일] R034 (확장) baseline_rank=1 -> reranked_rank=1 | 5G 커버리지 확인 관련 설정을 바꾸려면 어디로 가야 하나요?
[동일] R035 (확장) baseline_rank=1 -> reranked_rank=1 | 데이터 로밍 자동 차단 문제는 어떻게 해결할까요?
[동일] R036 (확장) baseline_rank=1 -> reranked_rank=1 | 데이터 사용량 초과 후 속도 제한 문제는 어떻게 해결할까요?
[동일] R037 (확장) baseline_rank=1 -> reranked_rank=1 | 특정 앱에서만 느린 데이터 속도 관련 설정은 어디서 변경할까요?
[동일] R038 (확장) baseline_rank=1 -> reranked_rank=1 | 와이파이 자동 전환 문제는 어떻게 해결할까요?
[동일] R039 (확장) baseline_rank=1 -> reranked_rank=1 | 지하철에서 데이터 연결 문제는 어떻게 해결할까요?
[동일] R040 (확장) baseline_rank=1 -> reranked_rank=1 | 혹시 지하철에서 데이터 연결이 잘 안 되는데 뭘 확인해봐야 하나요?
[동일] R041 (확장) baseline_rank=1 -> reranked_rank=1 | 혹시 유럽 로밍 요금제은 얼마나 나오나요?
[동일] R042 (확장) baseline_rank=1 -> reranked_rank=1 | 환승 중 로밍 요금은 언제부터 적용이 되나요?
[동일] R043 (확장) baseline_rank=1 -> reranked_rank=1 | 환승 중 로밍 요금은 신청 방법이 궁금해요.
[동일] R044 (확장) baseline_rank=1 -> reranked_rank=1 | 일본 로밍 요금제 쓰다가 데이터를 다 쓰면 어떻게 되나요?
[동일] R045 (확장) baseline_rank=1 -> reranked_rank=1 | 로밍 데이터 무제한 상품 쓰다가 데이터를 다 쓰면 어떻게 되나요?
[동일] R046 (확장) baseline_rank=1 -> reranked_rank=1 | 혹시 일본 로밍 요금제은 얼마나 나오나요?
[동일] R047 (확장) baseline_rank=1 -> reranked_rank=1 | 혹시 동남아 로밍 요금제은 얼마나 나오나요?
[동일] R048 (확장) baseline_rank=1 -> reranked_rank=1 | 로밍 데이터 무제한 상품은 언제부터 적용될까요?
[동일] R049 (확장) baseline_rank=1 -> reranked_rank=1 | 크루즈 여행 중 로밍은 어떻게 신청할까요?
[동일] R050 (확장) baseline_rank=1 -> reranked_rank=1 | 동남아 로밍 요금제은 언제부터 적용이 되나요?
[동일] R051 (확장) baseline_rank=1 -> reranked_rank=1 | 가족 통합 청구서는 어떤 방법으로 신청할 수 있나요?
[동일] R052 (확장) baseline_rank=1 -> reranked_rank=1 | 복지 요금 감면 신청는 매달 자동으로 되는 건가요?
[동일] R053 (확장) baseline_rank=1 -> reranked_rank=1 | 가족 통합 청구서 관련해서 어디에 문의하면 되나요?
[동일] R054 (확장) baseline_rank=1 -> reranked_rank=1 | 법인 명의 청구서는 매달 자동으로 되는 건가요?
[동일] R055 (확장) baseline_rank=1 -> reranked_rank=1 | 가족 통합 청구서는 매달 자동으로 적용될까요?
[동일] R056 (확장) baseline_rank=1 -> reranked_rank=1 | 미납 요금 분할 납부는 매달 자동으로 적용될까요?
[동일] R057 (확장) baseline_rank=1 -> reranked_rank=1 | 청구서 발행일 변경 관련 문의는 어디서 할까요?
[동일] R058 (확장) baseline_rank=1 -> reranked_rank=1 | 선불 요금 충전는 신청 방법이 어떻게 되나요?
[동일] R059 (확장) baseline_rank=1 -> reranked_rank=1 | 선불 요금 충전는 어떤 방법으로 신청할 수 있나요?
[동일] R060 (확장) baseline_rank=1 -> reranked_rank=1 | 요금 할인 쿠폰 적용 관련 문의는 어디서 할까요?
[동일] R061 (확장) baseline_rank=1 -> reranked_rank=1 | 선택약정 할인 해지은 시간이 얼마나 걸리나요?
[동일] R062 (확장) baseline_rank=1 -> reranked_rank=1 | 해지 후 재가입 제한기간은 시간이 얼마나 걸리나요?
[동일] R063 (확장) baseline_rank=1 -> reranked_rank=1 | 위약금 분할 납부 할 때 조심해야 할 점이 있나요?
[동일] R064 (확장) baseline_rank=1 -> reranked_rank=1 | 미성년자 명의 해지 할 때 조심해야 할 점이 있나요?
[동일] R065 (확장) baseline_rank=1 -> reranked_rank=1 | 번호이동으로 인한 자동 해지는 어떻게 처리할까요?
[동일] R066 (확장) baseline_rank=1 -> reranked_rank=1 | 선택약정 할인 해지에는 처리까지 시간이 얼마나 소요되나요?
[동일] R067 (확장) baseline_rank=1 -> reranked_rank=1 | 해지 후 재가입 제한기간는 처리 방법이 궁금해요.
[동일] R068 (확장) baseline_rank=1 -> reranked_rank=1 | 법인 회선 해지는 처리 방법이 궁금해요.
[동일] R069 (확장) baseline_rank=1 -> reranked_rank=1 | 위약금 분할 납부에는 처리까지 시간이 얼마나 소요되나요?
[동일] R070 (확장) baseline_rank=1 -> reranked_rank=1 | 결합상품 동시 해지는 어떻게 처리할까요?
[동일] R071 (확장) baseline_rank=1 -> reranked_rank=1 | 분실폰 데이터 원격 삭제 관련해서 비용이 드는지 궁금해요.
[동일] R072 (확장) baseline_rank=1 -> reranked_rank=1 | 분실폰 원격 잠금는 어떻게 해야 하나요?
[동일] R073 (확장) baseline_rank=1 -> reranked_rank=1 | 타인이 주운 휴대폰 발견 시 신고 관련 비용이 발생할까요?
[동일] R074 (확장) baseline_rank=1 -> reranked_rank=1 | 해외에서 분실 관련해서 비용이 드는지 궁금해요.
[동일] R075 (확장) baseline_rank=1 -> reranked_rank=1 | 분실 후 보험 청구는 어떻게 해야 하나요?
[동일] R076 (확장) baseline_rank=1 -> reranked_rank=1 | 분실폰 원격 잠금는 어떻게 해야 하나요?
[동일] R077 (확장) baseline_rank=1 -> reranked_rank=1 | 분실폰 원격 잠금 관련 비용이 발생할까요?
[동일] R078 (확장) baseline_rank=1 -> reranked_rank=1 | 분실폰 원격 잠금 관련해서 비용이 드는지 궁금해요.
[동일] R079 (확장) baseline_rank=1 -> reranked_rank=1 | 해외에서 분실는 어떻게 해야 하나요?
[동일] R080 (확장) baseline_rank=1 -> reranked_rank=1 | 분실 후 보험 청구는 어떻게 해야 하나요?
[동일] R081 (확장) baseline_rank=1 -> reranked_rank=1 | 영상통화 요금는 추가로 요금이 붙나요?
[동일] R082 (확장) baseline_rank=1 -> reranked_rank=1 | 컬러링 설정는 어떤 식으로 이용하면 되나요?
[동일] R083 (확장) baseline_rank=1 -> reranked_rank=1 | 부재중 전화 알림 설정는 추가로 요금이 붙나요?
[동일] R084 (확장) baseline_rank=1 -> reranked_rank=1 | 스팸 전화 자동 차단는 어떤 식으로 이용하면 되나요?
[동일] R085 (확장) baseline_rank=1 -> reranked_rank=1 | 부재중 전화 알림 설정는 이용 방법이 궁금해요.
[동일] R086 (확장) baseline_rank=1 -> reranked_rank=1 | 부재중 전화 알림 설정는 어떤 식으로 이용하면 되나요?
[동일] R087 (확장) baseline_rank=1 -> reranked_rank=1 | 스팸 전화 자동 차단는 별도 요금이 발생할까요?
[동일] R088 (확장) baseline_rank=1 -> reranked_rank=1 | 스팸 전화 자동 차단는 이용 방법이 궁금해요.
[동일] R089 (확장) baseline_rank=1 -> reranked_rank=1 | 국제문자 발송는 어떤 식으로 이용하면 되나요?
[동일] R090 (확장) baseline_rank=1 -> reranked_rank=1 | 그룹 문자 발송 제한는 별도 요금이 발생할까요?
[동일] R091 (확장) baseline_rank=1 -> reranked_rank=1 | 본인인증 재설정는 어떤 식으로 이용하면 되나요?
[동일] R092 (확장) baseline_rank=1 -> reranked_rank=1 | 개인정보 열람 신청는 어떤 식으로 이용하면 되나요?
[동일] R093 (확장) baseline_rank=1 -> reranked_rank=1 | 청각장애인 전용 상담는 이용 방법이 궁금해요.
[동일] R094 (확장) baseline_rank=1 -> reranked_rank=1 | 영상 상담 서비스는 어떤 식으로 이용하면 되나요?
[동일] R095 (확장) baseline_rank=1 -> reranked_rank=1 | 카카오톡 상담 운영시간이 궁금해요.
[동일] R096 (확장) baseline_rank=1 -> reranked_rank=1 | 챗봇 상담 운영시간은 어떻게 될까요?
[동일] R097 (확장) baseline_rank=1 -> reranked_rank=1 | 챗봇 상담 운영시간이 궁금해요.
[동일] R098 (확장) baseline_rank=1 -> reranked_rank=1 | 영상 상담 서비스 운영시간이 궁금해요.
[동일] R099 (확장) baseline_rank=1 -> reranked_rank=1 | 카카오톡 상담는 어떤 식으로 이용하면 되나요?
[동일] R100 (확장) baseline_rank=1 -> reranked_rank=1 | 개인정보 열람 신청 운영시간은 어떻게 될까요?
[동일] R101 (확장) baseline_rank=1 -> reranked_rank=1 | 웨어러블 기기 회선 개통 시 필요한 준비물이 가능한가요?
[동일] R102 (확장) baseline_rank=1 -> reranked_rank=1 | 해외 구매 단말기 개통 시 필요한 준비물이 가능한가요?
[동일] R103 (확장) baseline_rank=1 -> reranked_rank=1 | 선불폰 개통 시 필요한 준비물이 가능한가요?
[악화(순위 하락, k 안에서는 유지)] R104 (확장) baseline_rank=1 -> reranked_rank=2 | 해외 구매 단말기 개통 하려면 뭘 챙겨가야 하나요?
[악화(순위 하락, k 안에서는 유지)] R105 (확장) baseline_rank=1 -> reranked_rank=2 | 웨어러블 기기 회선 개통 하려면 뭘 챙겨가야 하나요?
[악화(순위 하락, k 안에서는 유지)] R106 (확장) baseline_rank=1 -> reranked_rank=2 | 태블릿 데이터 전용 회선 개통 하려면 뭘 챙겨가야 하나요?
[동일] R107 (확장) baseline_rank=1 -> reranked_rank=1 | 자급제 단말기 개통 시 필요한 준비물이 가능한가요?
[동일] R108 (확장) baseline_rank=1 -> reranked_rank=1 | IoT 전용 회선 개통 시 필요한 준비물이 가능한가요?
[동일] R109 (확장) baseline_rank=1 -> reranked_rank=1 | 태블릿 데이터 전용 회선 개통는 어떻게 해야 하나요?
[동일] R110 (확장) baseline_rank=1 -> reranked_rank=1 | IoT 전용 회선 개통는 어떻게 해야 하나요?
[동일] R111 (확장) baseline_rank=1 -> reranked_rank=1 | 발신번호 표시 서비스는 어떤 방법으로 신청할 수 있나요?
[동일] R112 (확장) baseline_rank=1 -> reranked_rank=1 | 해외 발신 표시 서비스는 아이폰에서도 되나요?
[동일] R113 (확장) baseline_rank=1 -> reranked_rank=1 | 혹시 메시지 예약 발송는 아이폰에서도 되나요?
[동일] R114 (확장) baseline_rank=1 -> reranked_rank=1 | 통화 녹음 서비스는 아이폰에서도 되나요?
[동일] R115 (확장) baseline_rank=1 -> reranked_rank=1 | 혹시 해외 발신 표시 서비스는 아이폰에서도 되나요?
[동일] R116 (확장) baseline_rank=1 -> reranked_rank=1 | 해외 발신 표시 서비스는 어떤 방법으로 신청할 수 있나요?
[동일] R117 (확장) baseline_rank=1 -> reranked_rank=1 | 혹시 통화 녹음 서비스는 아이폰에서도 되나요?
[동일] R118 (확장) baseline_rank=1 -> reranked_rank=1 | 번호도용 문자 차단는 아이폰에서도 되나요?
[동일] R119 (확장) baseline_rank=1 -> reranked_rank=1 | 혹시 통화 품질 향상 서비스는 돈 안 내도 되나요?
[동일] R120 (확장) baseline_rank=1 -> reranked_rank=1 | 혹시 지능형 스팸 차단는 돈 안 내도 되나요?
[동일] R121 (확장) baseline_rank=1 -> reranked_rank=1 | 포인트 유효기간 관련 유의사항이 가능한가요?
[동일] R122 (확장) baseline_rank=1 -> reranked_rank=1 | 포인트 유효기간는 자동으로 적용될까요?
[동일] R123 (확장) baseline_rank=1 -> reranked_rank=1 | 생일 축하 쿠폰 관련해서 조심해야 할 게 있을까요?
[동일] R124 (확장) baseline_rank=1 -> reranked_rank=1 | 멤버십 제휴 할인는 어디서 확인할 수 있나요?
[동일] R125 (확장) baseline_rank=1 -> reranked_rank=1 | 포인트를 데이터로 전환는 어디서 확인할 수 있나요?
[동일] R126 (확장) baseline_rank=1 -> reranked_rank=1 | 통신사 멤버십 등급는 자동으로 적용될까요?
[동일] R127 (확장) baseline_rank=1 -> reranked_rank=1 | 포인트 유효기간 관련해서 조심해야 할 게 있을까요?
[동일] R128 (확장) baseline_rank=1 -> reranked_rank=1 | 포인트 유효기간는 어디서 확인할 수 있나요?
[동일] R129 (확장) baseline_rank=1 -> reranked_rank=1 | 포인트 유효기간는 자동으로 되는 건가요?
[동일] R130 (확장) baseline_rank=1 -> reranked_rank=1 | 포인트를 데이터로 전환 관련해서 조심해야 할 게 있을까요?
[동일] R131 (확장) baseline_rank=1 -> reranked_rank=1 | 단말기 반납 프로그램는 어디서 할까요?
[동일] R132 (확장) baseline_rank=1 -> reranked_rank=1 | 단말기 소프트웨어 업데이트는 어디 가서 하면 되나요?
[동일] R133 (확장) baseline_rank=1 -> reranked_rank=1 | 단말기 파손보험 가입 후 바로 보상받을 수 있나요?
[동일] R134 (확장) baseline_rank=1 -> reranked_rank=1 | 단말기 반납 프로그램는 어디 가서 하면 되나요?
[동일] R135 (확장) baseline_rank=1 -> reranked_rank=1 | 중고 단말기 시세 조회는 어디 가서 하면 되나요?
[동일] R136 (확장) baseline_rank=1 -> reranked_rank=1 | 혹시 공기계 등록에 돈이 드는지 궁금해요.
[동일] R137 (확장) baseline_rank=1 -> reranked_rank=1 | 혹시 단말기 파손보험에 돈이 드는지 궁금해요.
[동일] R138 (확장) baseline_rank=1 -> reranked_rank=1 | 단말기 할부금 조회에 돈이 드는지 궁금해요.
[동일] R139 (확장) baseline_rank=1 -> reranked_rank=1 | 중고 단말기 시세 조회는 어디서 할까요?
[동일] R140 (확장) baseline_rank=1 -> reranked_rank=1 | 공기계 등록는 어디 가서 하면 되나요?
[동일] R141 (확장) baseline_rank=1 -> reranked_rank=1 | 홈사물인터넷 결합의 할인 혜택이 어떻게 되나요?
[동일] R142 (확장) baseline_rank=1 -> reranked_rank=1 | 결합 해지 시 위약금은 어떻게 신청할까요?
[동일] R143 (확장) baseline_rank=1 -> reranked_rank=1 | 혹시 홈사물인터넷 결합의 할인 혜택이 어떻게 되나요?
[동일] R144 (확장) baseline_rank=1 -> reranked_rank=1 | 혹시 인터넷+휴대폰 결합의 할인 혜택이 어떻게 되나요?
[동일] R145 (확장) baseline_rank=1 -> reranked_rank=1 | 인터넷+휴대폰 결합은 어떻게 신청할까요?
[동일] R146 (확장) baseline_rank=1 -> reranked_rank=1 | 결합 해지 시 위약금은 신청 방법이 궁금해요.
[동일] R147 (확장) baseline_rank=1 -> reranked_rank=1 | 가족 결합 인원 조건의 할인 혜택이 어떻게 되나요?
[동일] R148 (확장) baseline_rank=1 -> reranked_rank=1 | 인터넷+TV+휴대폰 결합은 어떻게 신청할까요?
[동일] R149 (확장) baseline_rank=1 -> reranked_rank=1 | 결합 해지 시 위약금의 할인 혜택이 어떻게 되나요?
[동일] R150 (확장) baseline_rank=1 -> reranked_rank=1 | IPTV 단독 가입의 할인 혜택이 어떻게 되나요?
[동일] R151 (확장) baseline_rank=1 -> reranked_rank=1 | 알뜰폰 요금제 비교는 어디서 확인할 수 있나요?
[동일] R152 (확장) baseline_rank=1 -> reranked_rank=1 | 알뜰폰 요금제 비교는 어디서 확인할 수 있나요?
[동일] R153 (확장) baseline_rank=1 -> reranked_rank=1 | 알뜰폰 가입 절차 관련 문의는 어디서 할 수 있나요?
[동일] R154 (확장) baseline_rank=1 -> reranked_rank=1 | 자급제 단말기 유심 호환성 관련 문의는 어디서 할 수 있나요?
[동일] R155 (확장) baseline_rank=1 -> reranked_rank=1 | 알뜰폰에서 5G 사용 가능 여부는 어디서 확인할 수 있나요?
[동일] R156 (확장) baseline_rank=1 -> reranked_rank=1 | 자급제 단말기 유심 호환성는 어디서 확인할 수 있나요?
[동일] R157 (확장) baseline_rank=1 -> reranked_rank=1 | 알뜰폰 요금제 비교 관련해서 문의는 어디로 할까요?
[동일] R158 (확장) baseline_rank=1 -> reranked_rank=1 | 알뜰폰 가입 절차는 어디서 확인할 수 있나요?
[동일] R159 (확장) baseline_rank=1 -> reranked_rank=1 | 자급제 단말기 유심 호환성 관련해서 문의는 어디로 할까요?
[동일] R160 (확장) baseline_rank=1 -> reranked_rank=1 | 알뜰폰 가입 절차 관련해서 문의는 어디로 할까요?
[동일] R161 (확장) baseline_rank=1 -> reranked_rank=1 | 본인확인서비스(PASS) 이용 관련 문제가 있을 때는 어떻게 해야 하나요?
[동일] R162 (확장) baseline_rank=1 -> reranked_rank=1 | 명의도용 방지 서비스는 어떻게 해야 하나요?
[동일] R163 (확장) baseline_rank=1 -> reranked_rank=1 | 개인정보 제3자 제공 동의 철회는 어떻게 해야 하나요?
[악화(순위 하락, k 안에서는 유지)] R164 (확장) baseline_rank=1 -> reranked_rank=2 | 휴대폰 인증 오류는 어떻게 해야 하나요?
[동일] R165 (확장) baseline_rank=1 -> reranked_rank=1 | 명의도용 방지 서비스 관련 문제가 생기면 어떻게 할까요?
[동일] R166 (확장) baseline_rank=1 -> reranked_rank=1 | 개인정보 제3자 제공 동의 철회는 어떻게 해야 하나요?
[동일] R167 (확장) baseline_rank=1 -> reranked_rank=1 | 휴대폰 인증 오류 관련 문제가 생기면 어떻게 할까요?
[동일] R168 (확장) baseline_rank=1 -> reranked_rank=1 | 본인확인서비스(PASS) 이용는 어떻게 해야 하나요?
[동일] R169 (확장) baseline_rank=1 -> reranked_rank=1 | 본인확인서비스(PASS) 이용 관련 문제가 생기면 어떻게 할까요?
[동일] R170 (확장) baseline_rank=1 -> reranked_rank=1 | 본인확인서비스(PASS) 이용는 어떻게 해야 하나요?
[동일] R171 (확장) baseline_rank=1 -> reranked_rank=1 | 주차 가능한 매장를 찾을 수 있을까요?
[동일] R172 (확장) baseline_rank=1 -> reranked_rank=1 | 혹시 주차 가능한 매장를 찾을 수 있을까요?
[동일] R173 (확장) baseline_rank=1 -> reranked_rank=1 | 혹시 장애인 편의시설을 갖춘 매장를 찾을 수 있을까요?
[동일] R174 (확장) baseline_rank=1 -> reranked_rank=1 | 혹시 심야 운영 매장를 찾을 수 있을까요?
[동일] R175 (확장) baseline_rank=1 -> reranked_rank=1 | 장애인 편의시설을 갖춘 매장를 찾을 수 있을까요?
[악화(순위 하락, k 안에서는 유지)] R176 (확장) baseline_rank=1 -> reranked_rank=2 | 심야 운영 매장를 찾을 수 있을까요?
[동일] R177 (확장) baseline_rank=1 -> reranked_rank=1 | 예약 방문 가능한 매장를 찾을 수 있을까요?
[동일] R178 (확장) baseline_rank=1 -> reranked_rank=1 | 혹시 예약 방문 가능한 매장를 찾을 수 있을까요?

======================================================================
회차 1 | 2026-09-11 17:10:32 | reranker = bge-reranker-v2-m3 (final_k=5, buffer=20)
======================================================================
[동일] E01 (Easy) baseline_rank=1 -> reranked_rank=1 | 해외 데이터 로밍 요금은 어떻게 되나요?
[개선(순위 상승)] E02 (Easy) baseline_rank=3 -> reranked_rank=2 | 휴대폰을 분실하면 어떻게 해야 하나요?
[동일] E03 (Easy) baseline_rank=1 -> reranked_rank=1 | 데이터 속도가 갑자기 느려졌어요.
[개선(순위 상승)] E04 (Easy) baseline_rank=2 -> reranked_rank=1 | 데이터 사용량을 확인하고 싶어요.
[동일] E05 (Easy) baseline_rank=1 -> reranked_rank=1 | 유심을 재발급받으려면 어떻게 하나요?
[동일] E06 (Easy) baseline_rank=1 -> reranked_rank=1 | 번호를 변경하려면 어떻게 하나요?
[동일] E07 (Easy) baseline_rank=1 -> reranked_rank=1 | 이번 달 휴대폰 요금이 너무 많이 나왔어요.
[동일] E08 (Easy) baseline_rank=1 -> reranked_rank=1 | 약정 중 해지하면 위약금이 발생하나요?
[동일] E10 (Easy) baseline_rank=1 -> reranked_rank=1 | 해외에서 데이터 로밍을 차단하고 싶어요.
[동일] M01 (Medium) baseline_rank=10 -> reranked_rank=8 | 일본에서 인터넷 좀 쓰면 추가 요금 많이 붙나요?
[악화(순위 하락, k 안에서는 유지)] M02 (Medium) baseline_rank=2 -> reranked_rank=3 | 폰을 어디에 뒀는지 모르겠는데 일단 아무도 못 쓰게 하고 싶어요.
[동일] M03 (Medium) baseline_rank=1 -> reranked_rank=1 | 유튜브가 갑자기 엄청 느려졌는데 데이터를 다 쓴 걸까요?
[동일] M04 (Medium) baseline_rank=1 -> reranked_rank=1 | 이번 달 인터넷 얼마나 썼는지 어디서 봐요?
[개선(k 밖이었는데 들어옴)] M05 (Medium) baseline_rank=9 -> reranked_rank=2 | 심카드를 잃어버려서 새 걸 받아야 할 것 같아요.
[개선(순위 상승)] M06 (Medium) baseline_rank=5 -> reranked_rank=4 | 새 폰을 샀는데 지금 쓰는 010 번호 계속 쓸 수 있나요?
[동일] M07 (Medium) baseline_rank=1 -> reranked_rank=1 | 평소에는 5만원인데 이번 달에는 10만원이 나왔어요.
[동일] M08 (Medium) baseline_rank=1 -> reranked_rank=1 | 계약 기간이 아직 남았는데 통신사를 옮기면 돈 내야 하나요?
[동일] M10 (Medium) baseline_rank=2 -> reranked_rank=2 | 해외에서는 와이파이만 쓰고 휴대폰 인터넷은 아예 꺼두고 싶어요.
[동일] H01 (Hard) baseline_rank=9 -> reranked_rank=6 | 일본 여행 가서 카톡이랑 유튜브 좀 쓰려고 하는데 그냥 쓰면 요금 많이 나오나요?
[개선(k 밖이었는데 들어옴)] H02 (Hard) baseline_rank=8 -> reranked_rank=4 | 지하철에 폰을 두고 내린 것 같은데 누가 전화나 데이터를 못 쓰게 하고 싶어요.
[악화(순위 하락, k 안에서는 유지)] H03 (Hard) baseline_rank=1 -> reranked_rank=3 | 데이터 연결은 되어 있는데 영상이 거의 안 돌아가요. 이번 달 데이터를 다 써서 그런 건가요?
[악화(순위 하락, k 안에서는 유지)] H04 (Hard) baseline_rank=1 -> reranked_rank=2 | 유심을 잃어버려서 지금 번호 그대로 새 유심을 받아야 하는데 어떻게 하나요?
[동일] H05 (Hard) baseline_rank=1 -> reranked_rank=1 | 통신사는 그대로 쓰고 휴대폰만 새 걸로 바꿨는데 번호를 계속 쓰려면 어떻게 해야 하나요?
[동일] H06 (Hard) baseline_rank=1 -> reranked_rank=1 | 해외여행 다녀온 뒤 이번 달 통신비가 갑자기 두 배로 나왔어요. 왜 그런가요?
[개선(순위 상승)] H07 (Hard) baseline_rank=2 -> reranked_rank=1 | 중국에 가는데 호텔 와이파이만 쓰고 실수로 데이터가 켜져서 돈 나가는 것도 막고 싶어요.
[동일] H08 (Hard) baseline_rank=1 -> reranked_rank=1 | 폰은 그대로 쓸 건데 스팸 전화가 너무 와서 제 번호 자체를 바꾸고 싶습니다.
[동일] H10 (Hard) baseline_rank=1 -> reranked_rank=1 | 약정이 6개월 남았는데 번호는 유지하면서 다른 통신사로 옮기려고 합니다. 추가로 내야 할 돈이 있나요?
[동일] C01 (구어체) baseline_rank=1 -> reranked_rank=1 | eSIM이 정확히 뭔지 잘 모르겠는데 유심이랑 다른 거임?
[동일] C02 (구어체) baseline_rank=1 -> reranked_rank=1 | 자꾸 스팸 문자 오는데 이거 막을 방법 없나?
[동일] C03 (구어체) baseline_rank=1 -> reranked_rank=1 | 데이터 무제한으로 맘껏 쓸 수 있는 요금제 있음?
[동일] C04 (구어체) baseline_rank=1 -> reranked_rank=1 | 고객센터 몇 시까지 하는지 아는 사람?
[동일] C05 (구어체) baseline_rank=1 -> reranked_rank=1 | 폰 중고로 바꿔도 괜찮은 거지?
[동일] C06 (구어체) baseline_rank=1 -> reranked_rank=1 | 핫스팟 켜서 쓸 수 있는 거 맞죠?
[동일] C07 (구어체) baseline_rank=1 -> reranked_rank=1 | 청구서 메일로 받아보고 싶은데 가능해요?
[동일] C08 (구어체) baseline_rank=1 -> reranked_rank=1 | 정지된 거 다시 풀려면 어떻게 해야 되나요?
[동일] C09 (구어체) baseline_rank=1 -> reranked_rank=1 | 가족끼리 묶어서 할인받는 거 신청하려면 어떻게 함?
[동일] C10 (구어체) baseline_rank=1 -> reranked_rank=1 | 번호 바꾸면 예전 번호로 온 문자는 어떻게 되는 거예요?
[동일] T01 (오타) baseline_rank=1 -> reranked_rank=1 | 번호이동 할려면 머 해야되요
[동일] T02 (오타) baseline_rank=1 -> reranked_rank=1 | 데이타 사용량 확인하는법 알려주세요
[동일] T03 (오타) baseline_rank=1 -> reranked_rank=1 | 요금이 왜케 마니나왔조
[동일] T04 (오타) baseline_rank=1 -> reranked_rank=1 | 소액결재 차단할수있나요
[동일] T05 (오타) baseline_rank=1 -> reranked_rank=1 | 특정번호 차단하는법 알고싶어요
[동일] T06 (오타) baseline_rank=1 -> reranked_rank=1 | 약정중해지하면 위약금 잇나요
[동일] T07 (오타) baseline_rank=1 -> reranked_rank=1 | 가까운매장 어떻게찾나요
[동일] T08 (오타) baseline_rank=1 -> reranked_rank=1 | 해외데이타로밍 요금이 얼마에요
[동일] T09 (오타) baseline_rank=1 -> reranked_rank=1 | 유심이 인식이 안되요 휴대폰에서
[동일] T10 (오타) baseline_rank=1 -> reranked_rank=1 | 요금제바꾸고싶은데 어떡게하나요
[개선(순위 상승)] L01 (긴질문) baseline_rank=2 -> reranked_rank=1 | 다음 달에 유럽 여행을 가는데 거기서 인터넷을 좀 써야 할 것 같아서요. 로밍이라는 게 있다고는 들었는데 정확히 어떻게 요금이 매겨지는 건지 감이 안 와서 여쭤봐요. 데이터 요금이 어떻게 되나요?
[개선(순위 상승)] L02 (긴질문) baseline_rank=4 -> reranked_rank=2 | 어제 출근하다가 휴대폰을 잃어버렸는데 안에 유심도 들어 있고 번호는 그대로 쓰고 싶어요. 새 유심을 받을 수 있나요?
[악화(순위 하락, k 안에서는 유지)] L03 (긴질문) baseline_rank=1 -> reranked_rank=2 | 제가 지금 2년 약정으로 쓰고 있는데 아직 6개월 정도 남았거든요. 근데 갑자기 사정이 생겨서 다른 통신사로 옮겨야 할 것 같은데, 이 경우에 위약금도 내야 하고 아직 남은 할부금도 있는 걸로 아는데 이거 어떻게 처리되는 건지 자세히 알고 싶어요.
[동일] L04 (긴질문) baseline_rank=1 -> reranked_rank=1 | 제가 예전에 데이터를 다 써서 요금이 엄청 많이 나온 적이 있었거든요. 그래서 이번에는 데이터가 다 되기 전에 미리 알 수 있으면 좋겠는데, 그런 식으로 알림 받을 수 있는 방법이 있나요?
[동일] L05 (긴질문) baseline_rank=1 -> reranked_rank=1 | 최근에 최신 스마트폰으로 바꿨는데 분명히 5G 요금제를 쓰고 있는데도 화면에 계속 LTE라고만 떠서요. 설정을 잘못 만진 건지 아니면 원래 이 지역에서 5G가 안 잡히는 건지 헷갈리는데, 왜 이런 건가요?
[악화(순위 하락, k 안에서는 유지)] L06 (긴질문) baseline_rank=2 -> reranked_rank=3 | 부모님 명의로 되어 있는 휴대폰을 제 명의로 바꾸고 싶은데, 절차가 복잡한지 궁금하고 혹시 두 사람이 같이 매장에 가야 하는 건지 아니면 온라인으로도 처리가 가능한 건지 알고 싶어요.
[동일] L07 (긴질문) baseline_rank=1 -> reranked_rank=1 | 저희 가족이 다 같은 통신사를 쓰고 있는데, 저는 데이터를 항상 남기고 동생은 항상 데이터가 부족해서 추가로 요금을 내고 있거든요. 이런 경우에 가족끼리 데이터를 나눠 쓸 수 있는 방법이 있는지 궁금해요.
[동일] L08 (긴질문) baseline_rank=1 -> reranked_rank=1 | 이번에 해외로 몇 달 정도 나가 있을 예정이라 그동안 휴대폰을 아예 안 쓸 것 같은데, 그렇다고 완전히 해지하기는 아까워서요. 혹시 일시적으로 사용을 멈춰두는 방법이 있고, 그 기간에도 요금이 계속 나가는 건지 궁금합니다.
[동일] L09 (긴질문) baseline_rank=1 -> reranked_rank=1 | 제 폰이 eSIM이랑 일반 유심을 둘 다 지원하는 기종이라고 들었는데, 회사폰이랑 개인폰 번호를 하나의 휴대폰으로 같이 쓰고 싶어서요. 이렇게 두 개를 동시에 활성화해서 쓰는 게 가능한 건가요?
[동일] L10 (긴질문) baseline_rank=1 -> reranked_rank=1 | 제가 매달 요금제에 포함된 데이터를 거의 다 못 쓰고 남기는 편인데, 이렇게 남는 데이터가 있으면 그냥 사라지는 건지 아니면 혹시 다음 달로 넘겨서 쓸 수 있는 그런 제도가 있는지 궁금해서 여쭤봐요.
[동일] R001 (확장) baseline_rank=1 -> reranked_rank=1 | 만 65세 이상 시니어 요금제로 변경하려면 위약금이 발생할까요?
[동일] R002 (확장) baseline_rank=1 -> reranked_rank=1 | 온라인 전용 요금제를 신청하려면 어떻게 할까요?
[동일] R003 (확장) baseline_rank=1 -> reranked_rank=1 | 5G 다이렉트 44는 약정 없이도 쓸 수 있나요?
[동일] R004 (확장) baseline_rank=1 -> reranked_rank=1 | 다이렉트 요금제는 부가통화 무제한으로 쓸 수 있나요?
[동일] R005 (확장) baseline_rank=1 -> reranked_rank=1 | 혹시 LTE 선택 요금제의 기본요금이 얼마인지 궁금해요.
[동일] R006 (확장) baseline_rank=1 -> reranked_rank=1 | 온라인 전용 요금제와 다른 요금제는 뭐가 다른가요?
[동일] R007 (확장) baseline_rank=1 -> reranked_rank=1 | 혹시 복지 감면 요금제와 다른 요금제는 뭐가 다른가요?
[동일] R008 (확장) baseline_rank=1 -> reranked_rank=1 | 혹시 온라인 전용 요금제의 기본요금이 얼마인지 궁금해요.
[동일] R009 (확장) baseline_rank=1 -> reranked_rank=1 | 혹시 시니어 전용 요금제의 기본요금이 얼마인지 궁금해요.
[동일] R010 (확장) baseline_rank=1 -> reranked_rank=1 | 5G 다이렉트 25를 신청하려면 어떻게 할까요?
[동일] R011 (확장) baseline_rank=1 -> reranked_rank=1 | 세대주 명의 이전는 처리까지 얼마나 걸리나요?
[동일] R012 (확장) baseline_rank=1 -> reranked_rank=1 | 알뜰폰에서 번호이동는 처리까지 시간이 얼마나 소요되나요?
[동일] R013 (확장) baseline_rank=1 -> reranked_rank=1 | 외국인 명의 신규가입를 취소하고 싶은데 가능한가요?
[동일] R014 (확장) baseline_rank=1 -> reranked_rank=1 | 미성년자 명의 신규가입는 처리까지 얼마나 걸리나요?
[동일] R015 (확장) baseline_rank=1 -> reranked_rank=1 | 가족 회선 추가 가입를 취소하고 싶은데 가능한가요?
[동일] R016 (확장) baseline_rank=1 -> reranked_rank=1 | 세대주 명의 이전는 어떤 절차로 진행되나요?
[동일] R017 (확장) baseline_rank=1 -> reranked_rank=1 | 세대주 명의 이전는 처리까지 시간이 얼마나 소요되나요?
[동일] R018 (확장) baseline_rank=1 -> reranked_rank=1 | 자녀 명의로 회선 개설는 처리까지 얼마나 걸리나요?
[동일] R019 (확장) baseline_rank=1 -> reranked_rank=1 | 세대주 명의 이전는 어떤 절차로 진행되나요?
[동일] R020 (확장) baseline_rank=1 -> reranked_rank=1 | 타 통신사에서 번호이동 시 필요한 서류가 가능한가요?
[동일] R021 (확장) baseline_rank=1 -> reranked_rank=1 | 혹시 듀얼 eSIM 설정 비용이 얼마나 드는지 궁금해요.
[동일] R022 (확장) baseline_rank=1 -> reranked_rank=1 | eSIM QR코드 발급는 신청 방법이 어떻게 되나요?
[동일] R023 (확장) baseline_rank=1 -> reranked_rank=1 | 혹시 유심 무료 재발급 대상는 꼭 매장에 가야만 되나요?
[동일] R024 (확장) baseline_rank=1 -> reranked_rank=1 | 유심 무료 재발급 대상는 꼭 매장에 가야만 되나요?
[악화(순위 하락, k 안에서는 유지)] R025 (확장) baseline_rank=1 -> reranked_rank=2 | eSIM 신규 발급 하고 나서 바로 쓸 수 있나요?
[동일] R026 (확장) baseline_rank=1 -> reranked_rank=1 | 유심 무료 재발급 대상 하고 나서 바로 쓸 수 있나요?
[동일] R027 (확장) baseline_rank=1 -> reranked_rank=1 | 혹시 eSIM QR코드 발급는 꼭 매장에 가야만 되나요?
[동일] R028 (확장) baseline_rank=1 -> reranked_rank=1 | eSIM QR코드 발급는 꼭 매장에 가야만 되나요?
[동일] R029 (확장) baseline_rank=1 -> reranked_rank=1 | 혹시 듀얼 eSIM 설정는 꼭 매장에 가야만 되나요?
[동일] R030 (확장) baseline_rank=1 -> reranked_rank=1 | 유심 크기(나노/마이크로) 변경는 어떤 방법으로 신청할 수 있나요?
[동일] R031 (확장) baseline_rank=1 -> reranked_rank=1 | 5G 커버리지 확인 문제가 생겼는데 어떻게 해결해야 하나요?
[동일] R032 (확장) baseline_rank=1 -> reranked_rank=1 | 특정 앱에서만 느린 데이터 속도 문제는 어떻게 해결할까요?
[동일] R033 (확장) baseline_rank=1 -> reranked_rank=1 | 혹시 와이파이 자동 전환이 잘 안 되는데 뭘 확인해봐야 하나요?
[동일] R034 (확장) baseline_rank=1 -> reranked_rank=1 | 5G 커버리지 확인 관련 설정을 바꾸려면 어디로 가야 하나요?
[동일] R035 (확장) baseline_rank=1 -> reranked_rank=1 | 데이터 로밍 자동 차단 문제는 어떻게 해결할까요?
[동일] R036 (확장) baseline_rank=1 -> reranked_rank=1 | 데이터 사용량 초과 후 속도 제한 문제는 어떻게 해결할까요?
[동일] R037 (확장) baseline_rank=1 -> reranked_rank=1 | 특정 앱에서만 느린 데이터 속도 관련 설정은 어디서 변경할까요?
[동일] R038 (확장) baseline_rank=1 -> reranked_rank=1 | 와이파이 자동 전환 문제는 어떻게 해결할까요?
[동일] R039 (확장) baseline_rank=1 -> reranked_rank=1 | 지하철에서 데이터 연결 문제는 어떻게 해결할까요?
[동일] R040 (확장) baseline_rank=1 -> reranked_rank=1 | 혹시 지하철에서 데이터 연결이 잘 안 되는데 뭘 확인해봐야 하나요?
[동일] R041 (확장) baseline_rank=1 -> reranked_rank=1 | 혹시 유럽 로밍 요금제은 얼마나 나오나요?
[동일] R042 (확장) baseline_rank=1 -> reranked_rank=1 | 환승 중 로밍 요금은 언제부터 적용이 되나요?
[동일] R043 (확장) baseline_rank=1 -> reranked_rank=1 | 환승 중 로밍 요금은 신청 방법이 궁금해요.
[동일] R044 (확장) baseline_rank=1 -> reranked_rank=1 | 일본 로밍 요금제 쓰다가 데이터를 다 쓰면 어떻게 되나요?
[동일] R045 (확장) baseline_rank=1 -> reranked_rank=1 | 로밍 데이터 무제한 상품 쓰다가 데이터를 다 쓰면 어떻게 되나요?
[동일] R046 (확장) baseline_rank=1 -> reranked_rank=1 | 혹시 일본 로밍 요금제은 얼마나 나오나요?
[동일] R047 (확장) baseline_rank=1 -> reranked_rank=1 | 혹시 동남아 로밍 요금제은 얼마나 나오나요?
[동일] R048 (확장) baseline_rank=1 -> reranked_rank=1 | 로밍 데이터 무제한 상품은 언제부터 적용될까요?
[동일] R049 (확장) baseline_rank=1 -> reranked_rank=1 | 크루즈 여행 중 로밍은 어떻게 신청할까요?
[동일] R050 (확장) baseline_rank=1 -> reranked_rank=1 | 동남아 로밍 요금제은 언제부터 적용이 되나요?
[동일] R051 (확장) baseline_rank=1 -> reranked_rank=1 | 가족 통합 청구서는 어떤 방법으로 신청할 수 있나요?
[동일] R052 (확장) baseline_rank=1 -> reranked_rank=1 | 복지 요금 감면 신청는 매달 자동으로 되는 건가요?
[동일] R053 (확장) baseline_rank=1 -> reranked_rank=1 | 가족 통합 청구서 관련해서 어디에 문의하면 되나요?
[동일] R054 (확장) baseline_rank=1 -> reranked_rank=1 | 법인 명의 청구서는 매달 자동으로 되는 건가요?
[동일] R055 (확장) baseline_rank=1 -> reranked_rank=1 | 가족 통합 청구서는 매달 자동으로 적용될까요?
[동일] R056 (확장) baseline_rank=1 -> reranked_rank=1 | 미납 요금 분할 납부는 매달 자동으로 적용될까요?
[동일] R057 (확장) baseline_rank=1 -> reranked_rank=1 | 청구서 발행일 변경 관련 문의는 어디서 할까요?
[동일] R058 (확장) baseline_rank=1 -> reranked_rank=1 | 선불 요금 충전는 신청 방법이 어떻게 되나요?
[동일] R059 (확장) baseline_rank=1 -> reranked_rank=1 | 선불 요금 충전는 어떤 방법으로 신청할 수 있나요?
[동일] R060 (확장) baseline_rank=1 -> reranked_rank=1 | 요금 할인 쿠폰 적용 관련 문의는 어디서 할까요?
[동일] R061 (확장) baseline_rank=1 -> reranked_rank=1 | 선택약정 할인 해지은 시간이 얼마나 걸리나요?
[동일] R062 (확장) baseline_rank=1 -> reranked_rank=1 | 해지 후 재가입 제한기간은 시간이 얼마나 걸리나요?
[동일] R063 (확장) baseline_rank=1 -> reranked_rank=1 | 위약금 분할 납부 할 때 조심해야 할 점이 있나요?
[동일] R064 (확장) baseline_rank=1 -> reranked_rank=1 | 미성년자 명의 해지 할 때 조심해야 할 점이 있나요?
[동일] R065 (확장) baseline_rank=1 -> reranked_rank=1 | 번호이동으로 인한 자동 해지는 어떻게 처리할까요?
[동일] R066 (확장) baseline_rank=1 -> reranked_rank=1 | 선택약정 할인 해지에는 처리까지 시간이 얼마나 소요되나요?
[동일] R067 (확장) baseline_rank=1 -> reranked_rank=1 | 해지 후 재가입 제한기간는 처리 방법이 궁금해요.
[동일] R068 (확장) baseline_rank=1 -> reranked_rank=1 | 법인 회선 해지는 처리 방법이 궁금해요.
[동일] R069 (확장) baseline_rank=1 -> reranked_rank=1 | 위약금 분할 납부에는 처리까지 시간이 얼마나 소요되나요?
[동일] R070 (확장) baseline_rank=1 -> reranked_rank=1 | 결합상품 동시 해지는 어떻게 처리할까요?
[동일] R071 (확장) baseline_rank=1 -> reranked_rank=1 | 분실폰 데이터 원격 삭제 관련해서 비용이 드는지 궁금해요.
[동일] R072 (확장) baseline_rank=1 -> reranked_rank=1 | 분실폰 원격 잠금는 어떻게 해야 하나요?
[동일] R073 (확장) baseline_rank=1 -> reranked_rank=1 | 타인이 주운 휴대폰 발견 시 신고 관련 비용이 발생할까요?
[동일] R074 (확장) baseline_rank=1 -> reranked_rank=1 | 해외에서 분실 관련해서 비용이 드는지 궁금해요.
[동일] R075 (확장) baseline_rank=1 -> reranked_rank=1 | 분실 후 보험 청구는 어떻게 해야 하나요?
[동일] R076 (확장) baseline_rank=1 -> reranked_rank=1 | 분실폰 원격 잠금는 어떻게 해야 하나요?
[동일] R077 (확장) baseline_rank=1 -> reranked_rank=1 | 분실폰 원격 잠금 관련 비용이 발생할까요?
[동일] R078 (확장) baseline_rank=1 -> reranked_rank=1 | 분실폰 원격 잠금 관련해서 비용이 드는지 궁금해요.
[동일] R079 (확장) baseline_rank=1 -> reranked_rank=1 | 해외에서 분실는 어떻게 해야 하나요?
[동일] R080 (확장) baseline_rank=1 -> reranked_rank=1 | 분실 후 보험 청구는 어떻게 해야 하나요?
[동일] R081 (확장) baseline_rank=1 -> reranked_rank=1 | 영상통화 요금는 추가로 요금이 붙나요?
[동일] R082 (확장) baseline_rank=1 -> reranked_rank=1 | 컬러링 설정는 어떤 식으로 이용하면 되나요?
[동일] R083 (확장) baseline_rank=1 -> reranked_rank=1 | 부재중 전화 알림 설정는 추가로 요금이 붙나요?
[동일] R084 (확장) baseline_rank=1 -> reranked_rank=1 | 스팸 전화 자동 차단는 어떤 식으로 이용하면 되나요?
[동일] R085 (확장) baseline_rank=1 -> reranked_rank=1 | 부재중 전화 알림 설정는 이용 방법이 궁금해요.
[동일] R086 (확장) baseline_rank=1 -> reranked_rank=1 | 부재중 전화 알림 설정는 어떤 식으로 이용하면 되나요?
[동일] R087 (확장) baseline_rank=1 -> reranked_rank=1 | 스팸 전화 자동 차단는 별도 요금이 발생할까요?
[동일] R088 (확장) baseline_rank=1 -> reranked_rank=1 | 스팸 전화 자동 차단는 이용 방법이 궁금해요.
[동일] R089 (확장) baseline_rank=1 -> reranked_rank=1 | 국제문자 발송는 어떤 식으로 이용하면 되나요?
[동일] R090 (확장) baseline_rank=1 -> reranked_rank=1 | 그룹 문자 발송 제한는 별도 요금이 발생할까요?
[동일] R091 (확장) baseline_rank=1 -> reranked_rank=1 | 본인인증 재설정는 어떤 식으로 이용하면 되나요?
[동일] R092 (확장) baseline_rank=1 -> reranked_rank=1 | 개인정보 열람 신청는 어떤 식으로 이용하면 되나요?
[동일] R093 (확장) baseline_rank=1 -> reranked_rank=1 | 청각장애인 전용 상담는 이용 방법이 궁금해요.
[동일] R094 (확장) baseline_rank=1 -> reranked_rank=1 | 영상 상담 서비스는 어떤 식으로 이용하면 되나요?
[동일] R095 (확장) baseline_rank=1 -> reranked_rank=1 | 카카오톡 상담 운영시간이 궁금해요.
[동일] R096 (확장) baseline_rank=1 -> reranked_rank=1 | 챗봇 상담 운영시간은 어떻게 될까요?
[동일] R097 (확장) baseline_rank=1 -> reranked_rank=1 | 챗봇 상담 운영시간이 궁금해요.
[동일] R098 (확장) baseline_rank=1 -> reranked_rank=1 | 영상 상담 서비스 운영시간이 궁금해요.
[동일] R099 (확장) baseline_rank=1 -> reranked_rank=1 | 카카오톡 상담는 어떤 식으로 이용하면 되나요?
[동일] R100 (확장) baseline_rank=1 -> reranked_rank=1 | 개인정보 열람 신청 운영시간은 어떻게 될까요?
[동일] R101 (확장) baseline_rank=1 -> reranked_rank=1 | 웨어러블 기기 회선 개통 시 필요한 준비물이 가능한가요?
[동일] R102 (확장) baseline_rank=1 -> reranked_rank=1 | 해외 구매 단말기 개통 시 필요한 준비물이 가능한가요?
[동일] R103 (확장) baseline_rank=1 -> reranked_rank=1 | 선불폰 개통 시 필요한 준비물이 가능한가요?
[악화(순위 하락, k 안에서는 유지)] R104 (확장) baseline_rank=1 -> reranked_rank=2 | 해외 구매 단말기 개통 하려면 뭘 챙겨가야 하나요?
[악화(순위 하락, k 안에서는 유지)] R105 (확장) baseline_rank=1 -> reranked_rank=2 | 웨어러블 기기 회선 개통 하려면 뭘 챙겨가야 하나요?
[악화(순위 하락, k 안에서는 유지)] R106 (확장) baseline_rank=1 -> reranked_rank=2 | 태블릿 데이터 전용 회선 개통 하려면 뭘 챙겨가야 하나요?
[동일] R107 (확장) baseline_rank=1 -> reranked_rank=1 | 자급제 단말기 개통 시 필요한 준비물이 가능한가요?
[동일] R108 (확장) baseline_rank=1 -> reranked_rank=1 | IoT 전용 회선 개통 시 필요한 준비물이 가능한가요?
[동일] R109 (확장) baseline_rank=1 -> reranked_rank=1 | 태블릿 데이터 전용 회선 개통는 어떻게 해야 하나요?
[동일] R110 (확장) baseline_rank=1 -> reranked_rank=1 | IoT 전용 회선 개통는 어떻게 해야 하나요?
[동일] R111 (확장) baseline_rank=1 -> reranked_rank=1 | 발신번호 표시 서비스는 어떤 방법으로 신청할 수 있나요?
[동일] R112 (확장) baseline_rank=1 -> reranked_rank=1 | 해외 발신 표시 서비스는 아이폰에서도 되나요?
[동일] R113 (확장) baseline_rank=1 -> reranked_rank=1 | 혹시 메시지 예약 발송는 아이폰에서도 되나요?
[동일] R114 (확장) baseline_rank=1 -> reranked_rank=1 | 통화 녹음 서비스는 아이폰에서도 되나요?
[동일] R115 (확장) baseline_rank=1 -> reranked_rank=1 | 혹시 해외 발신 표시 서비스는 아이폰에서도 되나요?
[동일] R116 (확장) baseline_rank=1 -> reranked_rank=1 | 해외 발신 표시 서비스는 어떤 방법으로 신청할 수 있나요?
[동일] R117 (확장) baseline_rank=1 -> reranked_rank=1 | 혹시 통화 녹음 서비스는 아이폰에서도 되나요?
[동일] R118 (확장) baseline_rank=1 -> reranked_rank=1 | 번호도용 문자 차단는 아이폰에서도 되나요?
[동일] R119 (확장) baseline_rank=1 -> reranked_rank=1 | 혹시 통화 품질 향상 서비스는 돈 안 내도 되나요?
[동일] R120 (확장) baseline_rank=1 -> reranked_rank=1 | 혹시 지능형 스팸 차단는 돈 안 내도 되나요?
[동일] R121 (확장) baseline_rank=1 -> reranked_rank=1 | 포인트 유효기간 관련 유의사항이 가능한가요?
[동일] R122 (확장) baseline_rank=1 -> reranked_rank=1 | 포인트 유효기간는 자동으로 적용될까요?
[동일] R123 (확장) baseline_rank=1 -> reranked_rank=1 | 생일 축하 쿠폰 관련해서 조심해야 할 게 있을까요?
[동일] R124 (확장) baseline_rank=1 -> reranked_rank=1 | 멤버십 제휴 할인는 어디서 확인할 수 있나요?
[동일] R125 (확장) baseline_rank=1 -> reranked_rank=1 | 포인트를 데이터로 전환는 어디서 확인할 수 있나요?
[동일] R126 (확장) baseline_rank=1 -> reranked_rank=1 | 통신사 멤버십 등급는 자동으로 적용될까요?
[동일] R127 (확장) baseline_rank=1 -> reranked_rank=1 | 포인트 유효기간 관련해서 조심해야 할 게 있을까요?
[동일] R128 (확장) baseline_rank=1 -> reranked_rank=1 | 포인트 유효기간는 어디서 확인할 수 있나요?
[동일] R129 (확장) baseline_rank=1 -> reranked_rank=1 | 포인트 유효기간는 자동으로 되는 건가요?
[동일] R130 (확장) baseline_rank=1 -> reranked_rank=1 | 포인트를 데이터로 전환 관련해서 조심해야 할 게 있을까요?
[동일] R131 (확장) baseline_rank=1 -> reranked_rank=1 | 단말기 반납 프로그램는 어디서 할까요?
[동일] R132 (확장) baseline_rank=1 -> reranked_rank=1 | 단말기 소프트웨어 업데이트는 어디 가서 하면 되나요?
[동일] R133 (확장) baseline_rank=1 -> reranked_rank=1 | 단말기 파손보험 가입 후 바로 보상받을 수 있나요?
[동일] R134 (확장) baseline_rank=1 -> reranked_rank=1 | 단말기 반납 프로그램는 어디 가서 하면 되나요?
[동일] R135 (확장) baseline_rank=1 -> reranked_rank=1 | 중고 단말기 시세 조회는 어디 가서 하면 되나요?
[동일] R136 (확장) baseline_rank=1 -> reranked_rank=1 | 혹시 공기계 등록에 돈이 드는지 궁금해요.
[동일] R137 (확장) baseline_rank=1 -> reranked_rank=1 | 혹시 단말기 파손보험에 돈이 드는지 궁금해요.
[동일] R138 (확장) baseline_rank=1 -> reranked_rank=1 | 단말기 할부금 조회에 돈이 드는지 궁금해요.
[동일] R139 (확장) baseline_rank=1 -> reranked_rank=1 | 중고 단말기 시세 조회는 어디서 할까요?
[동일] R140 (확장) baseline_rank=1 -> reranked_rank=1 | 공기계 등록는 어디 가서 하면 되나요?
[동일] R141 (확장) baseline_rank=1 -> reranked_rank=1 | 홈사물인터넷 결합의 할인 혜택이 어떻게 되나요?
[동일] R142 (확장) baseline_rank=1 -> reranked_rank=1 | 결합 해지 시 위약금은 어떻게 신청할까요?
[동일] R143 (확장) baseline_rank=1 -> reranked_rank=1 | 혹시 홈사물인터넷 결합의 할인 혜택이 어떻게 되나요?
[동일] R144 (확장) baseline_rank=1 -> reranked_rank=1 | 혹시 인터넷+휴대폰 결합의 할인 혜택이 어떻게 되나요?
[동일] R145 (확장) baseline_rank=1 -> reranked_rank=1 | 인터넷+휴대폰 결합은 어떻게 신청할까요?
[동일] R146 (확장) baseline_rank=1 -> reranked_rank=1 | 결합 해지 시 위약금은 신청 방법이 궁금해요.
[동일] R147 (확장) baseline_rank=1 -> reranked_rank=1 | 가족 결합 인원 조건의 할인 혜택이 어떻게 되나요?
[동일] R148 (확장) baseline_rank=1 -> reranked_rank=1 | 인터넷+TV+휴대폰 결합은 어떻게 신청할까요?
[동일] R149 (확장) baseline_rank=1 -> reranked_rank=1 | 결합 해지 시 위약금의 할인 혜택이 어떻게 되나요?
[동일] R150 (확장) baseline_rank=1 -> reranked_rank=1 | IPTV 단독 가입의 할인 혜택이 어떻게 되나요?
[동일] R151 (확장) baseline_rank=1 -> reranked_rank=1 | 알뜰폰 요금제 비교는 어디서 확인할 수 있나요?
[동일] R152 (확장) baseline_rank=1 -> reranked_rank=1 | 알뜰폰 요금제 비교는 어디서 확인할 수 있나요?
[동일] R153 (확장) baseline_rank=1 -> reranked_rank=1 | 알뜰폰 가입 절차 관련 문의는 어디서 할 수 있나요?
[동일] R154 (확장) baseline_rank=1 -> reranked_rank=1 | 자급제 단말기 유심 호환성 관련 문의는 어디서 할 수 있나요?
[동일] R155 (확장) baseline_rank=1 -> reranked_rank=1 | 알뜰폰에서 5G 사용 가능 여부는 어디서 확인할 수 있나요?
[동일] R156 (확장) baseline_rank=1 -> reranked_rank=1 | 자급제 단말기 유심 호환성는 어디서 확인할 수 있나요?
[동일] R157 (확장) baseline_rank=1 -> reranked_rank=1 | 알뜰폰 요금제 비교 관련해서 문의는 어디로 할까요?
[동일] R158 (확장) baseline_rank=1 -> reranked_rank=1 | 알뜰폰 가입 절차는 어디서 확인할 수 있나요?
[동일] R159 (확장) baseline_rank=1 -> reranked_rank=1 | 자급제 단말기 유심 호환성 관련해서 문의는 어디로 할까요?
[동일] R160 (확장) baseline_rank=1 -> reranked_rank=1 | 알뜰폰 가입 절차 관련해서 문의는 어디로 할까요?
[동일] R161 (확장) baseline_rank=1 -> reranked_rank=1 | 본인확인서비스(PASS) 이용 관련 문제가 있을 때는 어떻게 해야 하나요?
[동일] R162 (확장) baseline_rank=1 -> reranked_rank=1 | 명의도용 방지 서비스는 어떻게 해야 하나요?
[동일] R163 (확장) baseline_rank=1 -> reranked_rank=1 | 개인정보 제3자 제공 동의 철회는 어떻게 해야 하나요?
[악화(순위 하락, k 안에서는 유지)] R164 (확장) baseline_rank=1 -> reranked_rank=2 | 휴대폰 인증 오류는 어떻게 해야 하나요?
[동일] R165 (확장) baseline_rank=1 -> reranked_rank=1 | 명의도용 방지 서비스 관련 문제가 생기면 어떻게 할까요?
[동일] R166 (확장) baseline_rank=1 -> reranked_rank=1 | 개인정보 제3자 제공 동의 철회는 어떻게 해야 하나요?
[동일] R167 (확장) baseline_rank=1 -> reranked_rank=1 | 휴대폰 인증 오류 관련 문제가 생기면 어떻게 할까요?
[동일] R168 (확장) baseline_rank=1 -> reranked_rank=1 | 본인확인서비스(PASS) 이용는 어떻게 해야 하나요?
[동일] R169 (확장) baseline_rank=1 -> reranked_rank=1 | 본인확인서비스(PASS) 이용 관련 문제가 생기면 어떻게 할까요?
[동일] R170 (확장) baseline_rank=1 -> reranked_rank=1 | 본인확인서비스(PASS) 이용는 어떻게 해야 하나요?
[동일] R171 (확장) baseline_rank=1 -> reranked_rank=1 | 주차 가능한 매장를 찾을 수 있을까요?
[동일] R172 (확장) baseline_rank=1 -> reranked_rank=1 | 혹시 주차 가능한 매장를 찾을 수 있을까요?
[동일] R173 (확장) baseline_rank=1 -> reranked_rank=1 | 혹시 장애인 편의시설을 갖춘 매장를 찾을 수 있을까요?
[동일] R174 (확장) baseline_rank=1 -> reranked_rank=1 | 혹시 심야 운영 매장를 찾을 수 있을까요?
[동일] R175 (확장) baseline_rank=1 -> reranked_rank=1 | 장애인 편의시설을 갖춘 매장를 찾을 수 있을까요?
[악화(순위 하락, k 안에서는 유지)] R176 (확장) baseline_rank=1 -> reranked_rank=2 | 심야 운영 매장를 찾을 수 있을까요?
[동일] R177 (확장) baseline_rank=1 -> reranked_rank=1 | 예약 방문 가능한 매장를 찾을 수 있을까요?
[동일] R178 (확장) baseline_rank=1 -> reranked_rank=1 | 혹시 예약 방문 가능한 매장를 찾을 수 있을까요?

======================================================================
회차 1 | 2026-09-11 17:10:32 | reranker = jina-reranker-v2 (final_k=5, buffer=0)
======================================================================
[동일] E01 (Easy) baseline_rank=1 -> reranked_rank=1 | 해외 데이터 로밍 요금은 어떻게 되나요?
[악화(순위 하락, k 안에서는 유지)] E02 (Easy) baseline_rank=3 -> reranked_rank=4 | 휴대폰을 분실하면 어떻게 해야 하나요?
[동일] E03 (Easy) baseline_rank=1 -> reranked_rank=1 | 데이터 속도가 갑자기 느려졌어요.
[개선(순위 상승)] E04 (Easy) baseline_rank=2 -> reranked_rank=1 | 데이터 사용량을 확인하고 싶어요.
[동일] E05 (Easy) baseline_rank=1 -> reranked_rank=1 | 유심을 재발급받으려면 어떻게 하나요?
[동일] E06 (Easy) baseline_rank=1 -> reranked_rank=1 | 번호를 변경하려면 어떻게 하나요?
[동일] E07 (Easy) baseline_rank=1 -> reranked_rank=1 | 이번 달 휴대폰 요금이 너무 많이 나왔어요.
[동일] E08 (Easy) baseline_rank=1 -> reranked_rank=1 | 약정 중 해지하면 위약금이 발생하나요?
[동일] E10 (Easy) baseline_rank=1 -> reranked_rank=1 | 해외에서 데이터 로밍을 차단하고 싶어요.
[1단계 실패(후보 폭 밖, reranker 무관)] M01 (Medium) baseline_rank=10 -> reranked_rank=None | 일본에서 인터넷 좀 쓰면 추가 요금 많이 붙나요?
[동일] M02 (Medium) baseline_rank=2 -> reranked_rank=2 | 폰을 어디에 뒀는지 모르겠는데 일단 아무도 못 쓰게 하고 싶어요.
[동일] M03 (Medium) baseline_rank=1 -> reranked_rank=1 | 유튜브가 갑자기 엄청 느려졌는데 데이터를 다 쓴 걸까요?
[동일] M04 (Medium) baseline_rank=1 -> reranked_rank=1 | 이번 달 인터넷 얼마나 썼는지 어디서 봐요?
[1단계 실패(후보 폭 밖, reranker 무관)] M05 (Medium) baseline_rank=9 -> reranked_rank=None | 심카드를 잃어버려서 새 걸 받아야 할 것 같아요.
[개선(순위 상승)] M06 (Medium) baseline_rank=5 -> reranked_rank=2 | 새 폰을 샀는데 지금 쓰는 010 번호 계속 쓸 수 있나요?
[동일] M07 (Medium) baseline_rank=1 -> reranked_rank=1 | 평소에는 5만원인데 이번 달에는 10만원이 나왔어요.
[동일] M08 (Medium) baseline_rank=1 -> reranked_rank=1 | 계약 기간이 아직 남았는데 통신사를 옮기면 돈 내야 하나요?
[동일] M10 (Medium) baseline_rank=2 -> reranked_rank=2 | 해외에서는 와이파이만 쓰고 휴대폰 인터넷은 아예 꺼두고 싶어요.
[1단계 실패(후보 폭 밖, reranker 무관)] H01 (Hard) baseline_rank=9 -> reranked_rank=None | 일본 여행 가서 카톡이랑 유튜브 좀 쓰려고 하는데 그냥 쓰면 요금 많이 나오나요?
[1단계 실패(후보 폭 밖, reranker 무관)] H02 (Hard) baseline_rank=8 -> reranked_rank=None | 지하철에 폰을 두고 내린 것 같은데 누가 전화나 데이터를 못 쓰게 하고 싶어요.
[악화(순위 하락, k 안에서는 유지)] H03 (Hard) baseline_rank=1 -> reranked_rank=3 | 데이터 연결은 되어 있는데 영상이 거의 안 돌아가요. 이번 달 데이터를 다 써서 그런 건가요?
[동일] H04 (Hard) baseline_rank=1 -> reranked_rank=1 | 유심을 잃어버려서 지금 번호 그대로 새 유심을 받아야 하는데 어떻게 하나요?
[동일] H05 (Hard) baseline_rank=1 -> reranked_rank=1 | 통신사는 그대로 쓰고 휴대폰만 새 걸로 바꿨는데 번호를 계속 쓰려면 어떻게 해야 하나요?
[동일] H06 (Hard) baseline_rank=1 -> reranked_rank=1 | 해외여행 다녀온 뒤 이번 달 통신비가 갑자기 두 배로 나왔어요. 왜 그런가요?
[개선(순위 상승)] H07 (Hard) baseline_rank=2 -> reranked_rank=1 | 중국에 가는데 호텔 와이파이만 쓰고 실수로 데이터가 켜져서 돈 나가는 것도 막고 싶어요.
[동일] H08 (Hard) baseline_rank=1 -> reranked_rank=1 | 폰은 그대로 쓸 건데 스팸 전화가 너무 와서 제 번호 자체를 바꾸고 싶습니다.
[동일] H10 (Hard) baseline_rank=1 -> reranked_rank=1 | 약정이 6개월 남았는데 번호는 유지하면서 다른 통신사로 옮기려고 합니다. 추가로 내야 할 돈이 있나요?
[악화(순위 하락, k 안에서는 유지)] C01 (구어체) baseline_rank=1 -> reranked_rank=2 | eSIM이 정확히 뭔지 잘 모르겠는데 유심이랑 다른 거임?
[동일] C02 (구어체) baseline_rank=1 -> reranked_rank=1 | 자꾸 스팸 문자 오는데 이거 막을 방법 없나?
[동일] C03 (구어체) baseline_rank=1 -> reranked_rank=1 | 데이터 무제한으로 맘껏 쓸 수 있는 요금제 있음?
[동일] C04 (구어체) baseline_rank=1 -> reranked_rank=1 | 고객센터 몇 시까지 하는지 아는 사람?
[동일] C05 (구어체) baseline_rank=1 -> reranked_rank=1 | 폰 중고로 바꿔도 괜찮은 거지?
[동일] C06 (구어체) baseline_rank=1 -> reranked_rank=1 | 핫스팟 켜서 쓸 수 있는 거 맞죠?
[동일] C07 (구어체) baseline_rank=1 -> reranked_rank=1 | 청구서 메일로 받아보고 싶은데 가능해요?
[악화(순위 하락, k 안에서는 유지)] C08 (구어체) baseline_rank=1 -> reranked_rank=2 | 정지된 거 다시 풀려면 어떻게 해야 되나요?
[동일] C09 (구어체) baseline_rank=1 -> reranked_rank=1 | 가족끼리 묶어서 할인받는 거 신청하려면 어떻게 함?
[동일] C10 (구어체) baseline_rank=1 -> reranked_rank=1 | 번호 바꾸면 예전 번호로 온 문자는 어떻게 되는 거예요?
[악화(순위 하락, k 안에서는 유지)] T01 (오타) baseline_rank=1 -> reranked_rank=5 | 번호이동 할려면 머 해야되요
[동일] T02 (오타) baseline_rank=1 -> reranked_rank=1 | 데이타 사용량 확인하는법 알려주세요
[동일] T03 (오타) baseline_rank=1 -> reranked_rank=1 | 요금이 왜케 마니나왔조
[동일] T04 (오타) baseline_rank=1 -> reranked_rank=1 | 소액결재 차단할수있나요
[동일] T05 (오타) baseline_rank=1 -> reranked_rank=1 | 특정번호 차단하는법 알고싶어요
[동일] T06 (오타) baseline_rank=1 -> reranked_rank=1 | 약정중해지하면 위약금 잇나요
[동일] T07 (오타) baseline_rank=1 -> reranked_rank=1 | 가까운매장 어떻게찾나요
[동일] T08 (오타) baseline_rank=1 -> reranked_rank=1 | 해외데이타로밍 요금이 얼마에요
[동일] T09 (오타) baseline_rank=1 -> reranked_rank=1 | 유심이 인식이 안되요 휴대폰에서
[동일] T10 (오타) baseline_rank=1 -> reranked_rank=1 | 요금제바꾸고싶은데 어떡게하나요
[동일] L01 (긴질문) baseline_rank=2 -> reranked_rank=2 | 다음 달에 유럽 여행을 가는데 거기서 인터넷을 좀 써야 할 것 같아서요. 로밍이라는 게 있다고는 들었는데 정확히 어떻게 요금이 매겨지는 건지 감이 안 와서 여쭤봐요. 데이터 요금이 어떻게 되나요?
[개선(순위 상승)] L02 (긴질문) baseline_rank=4 -> reranked_rank=3 | 어제 출근하다가 휴대폰을 잃어버렸는데 안에 유심도 들어 있고 번호는 그대로 쓰고 싶어요. 새 유심을 받을 수 있나요?
[악화(순위 하락, k 안에서는 유지)] L03 (긴질문) baseline_rank=1 -> reranked_rank=2 | 제가 지금 2년 약정으로 쓰고 있는데 아직 6개월 정도 남았거든요. 근데 갑자기 사정이 생겨서 다른 통신사로 옮겨야 할 것 같은데, 이 경우에 위약금도 내야 하고 아직 남은 할부금도 있는 걸로 아는데 이거 어떻게 처리되는 건지 자세히 알고 싶어요.
[동일] L04 (긴질문) baseline_rank=1 -> reranked_rank=1 | 제가 예전에 데이터를 다 써서 요금이 엄청 많이 나온 적이 있었거든요. 그래서 이번에는 데이터가 다 되기 전에 미리 알 수 있으면 좋겠는데, 그런 식으로 알림 받을 수 있는 방법이 있나요?
[동일] L05 (긴질문) baseline_rank=1 -> reranked_rank=1 | 최근에 최신 스마트폰으로 바꿨는데 분명히 5G 요금제를 쓰고 있는데도 화면에 계속 LTE라고만 떠서요. 설정을 잘못 만진 건지 아니면 원래 이 지역에서 5G가 안 잡히는 건지 헷갈리는데, 왜 이런 건가요?
[동일] L06 (긴질문) baseline_rank=2 -> reranked_rank=2 | 부모님 명의로 되어 있는 휴대폰을 제 명의로 바꾸고 싶은데, 절차가 복잡한지 궁금하고 혹시 두 사람이 같이 매장에 가야 하는 건지 아니면 온라인으로도 처리가 가능한 건지 알고 싶어요.
[동일] L07 (긴질문) baseline_rank=1 -> reranked_rank=1 | 저희 가족이 다 같은 통신사를 쓰고 있는데, 저는 데이터를 항상 남기고 동생은 항상 데이터가 부족해서 추가로 요금을 내고 있거든요. 이런 경우에 가족끼리 데이터를 나눠 쓸 수 있는 방법이 있는지 궁금해요.
[동일] L08 (긴질문) baseline_rank=1 -> reranked_rank=1 | 이번에 해외로 몇 달 정도 나가 있을 예정이라 그동안 휴대폰을 아예 안 쓸 것 같은데, 그렇다고 완전히 해지하기는 아까워서요. 혹시 일시적으로 사용을 멈춰두는 방법이 있고, 그 기간에도 요금이 계속 나가는 건지 궁금합니다.
[동일] L09 (긴질문) baseline_rank=1 -> reranked_rank=1 | 제 폰이 eSIM이랑 일반 유심을 둘 다 지원하는 기종이라고 들었는데, 회사폰이랑 개인폰 번호를 하나의 휴대폰으로 같이 쓰고 싶어서요. 이렇게 두 개를 동시에 활성화해서 쓰는 게 가능한 건가요?
[동일] L10 (긴질문) baseline_rank=1 -> reranked_rank=1 | 제가 매달 요금제에 포함된 데이터를 거의 다 못 쓰고 남기는 편인데, 이렇게 남는 데이터가 있으면 그냥 사라지는 건지 아니면 혹시 다음 달로 넘겨서 쓸 수 있는 그런 제도가 있는지 궁금해서 여쭤봐요.
[동일] R001 (확장) baseline_rank=1 -> reranked_rank=1 | 만 65세 이상 시니어 요금제로 변경하려면 위약금이 발생할까요?
[동일] R002 (확장) baseline_rank=1 -> reranked_rank=1 | 온라인 전용 요금제를 신청하려면 어떻게 할까요?
[동일] R003 (확장) baseline_rank=1 -> reranked_rank=1 | 5G 다이렉트 44는 약정 없이도 쓸 수 있나요?
[동일] R004 (확장) baseline_rank=1 -> reranked_rank=1 | 다이렉트 요금제는 부가통화 무제한으로 쓸 수 있나요?
[동일] R005 (확장) baseline_rank=1 -> reranked_rank=1 | 혹시 LTE 선택 요금제의 기본요금이 얼마인지 궁금해요.
[동일] R006 (확장) baseline_rank=1 -> reranked_rank=1 | 온라인 전용 요금제와 다른 요금제는 뭐가 다른가요?
[동일] R007 (확장) baseline_rank=1 -> reranked_rank=1 | 혹시 복지 감면 요금제와 다른 요금제는 뭐가 다른가요?
[동일] R008 (확장) baseline_rank=1 -> reranked_rank=1 | 혹시 온라인 전용 요금제의 기본요금이 얼마인지 궁금해요.
[동일] R009 (확장) baseline_rank=1 -> reranked_rank=1 | 혹시 시니어 전용 요금제의 기본요금이 얼마인지 궁금해요.
[동일] R010 (확장) baseline_rank=1 -> reranked_rank=1 | 5G 다이렉트 25를 신청하려면 어떻게 할까요?
[동일] R011 (확장) baseline_rank=1 -> reranked_rank=1 | 세대주 명의 이전는 처리까지 얼마나 걸리나요?
[동일] R012 (확장) baseline_rank=1 -> reranked_rank=1 | 알뜰폰에서 번호이동는 처리까지 시간이 얼마나 소요되나요?
[동일] R013 (확장) baseline_rank=1 -> reranked_rank=1 | 외국인 명의 신규가입를 취소하고 싶은데 가능한가요?
[동일] R014 (확장) baseline_rank=1 -> reranked_rank=1 | 미성년자 명의 신규가입는 처리까지 얼마나 걸리나요?
[동일] R015 (확장) baseline_rank=1 -> reranked_rank=1 | 가족 회선 추가 가입를 취소하고 싶은데 가능한가요?
[동일] R016 (확장) baseline_rank=1 -> reranked_rank=1 | 세대주 명의 이전는 어떤 절차로 진행되나요?
[동일] R017 (확장) baseline_rank=1 -> reranked_rank=1 | 세대주 명의 이전는 처리까지 시간이 얼마나 소요되나요?
[동일] R018 (확장) baseline_rank=1 -> reranked_rank=1 | 자녀 명의로 회선 개설는 처리까지 얼마나 걸리나요?
[동일] R019 (확장) baseline_rank=1 -> reranked_rank=1 | 세대주 명의 이전는 어떤 절차로 진행되나요?
[동일] R020 (확장) baseline_rank=1 -> reranked_rank=1 | 타 통신사에서 번호이동 시 필요한 서류가 가능한가요?
[동일] R021 (확장) baseline_rank=1 -> reranked_rank=1 | 혹시 듀얼 eSIM 설정 비용이 얼마나 드는지 궁금해요.
[동일] R022 (확장) baseline_rank=1 -> reranked_rank=1 | eSIM QR코드 발급는 신청 방법이 어떻게 되나요?
[동일] R023 (확장) baseline_rank=1 -> reranked_rank=1 | 혹시 유심 무료 재발급 대상는 꼭 매장에 가야만 되나요?
[동일] R024 (확장) baseline_rank=1 -> reranked_rank=1 | 유심 무료 재발급 대상는 꼭 매장에 가야만 되나요?
[동일] R025 (확장) baseline_rank=1 -> reranked_rank=1 | eSIM 신규 발급 하고 나서 바로 쓸 수 있나요?
[동일] R026 (확장) baseline_rank=1 -> reranked_rank=1 | 유심 무료 재발급 대상 하고 나서 바로 쓸 수 있나요?
[동일] R027 (확장) baseline_rank=1 -> reranked_rank=1 | 혹시 eSIM QR코드 발급는 꼭 매장에 가야만 되나요?
[동일] R028 (확장) baseline_rank=1 -> reranked_rank=1 | eSIM QR코드 발급는 꼭 매장에 가야만 되나요?
[동일] R029 (확장) baseline_rank=1 -> reranked_rank=1 | 혹시 듀얼 eSIM 설정는 꼭 매장에 가야만 되나요?
[동일] R030 (확장) baseline_rank=1 -> reranked_rank=1 | 유심 크기(나노/마이크로) 변경는 어떤 방법으로 신청할 수 있나요?
[동일] R031 (확장) baseline_rank=1 -> reranked_rank=1 | 5G 커버리지 확인 문제가 생겼는데 어떻게 해결해야 하나요?
[동일] R032 (확장) baseline_rank=1 -> reranked_rank=1 | 특정 앱에서만 느린 데이터 속도 문제는 어떻게 해결할까요?
[동일] R033 (확장) baseline_rank=1 -> reranked_rank=1 | 혹시 와이파이 자동 전환이 잘 안 되는데 뭘 확인해봐야 하나요?
[동일] R034 (확장) baseline_rank=1 -> reranked_rank=1 | 5G 커버리지 확인 관련 설정을 바꾸려면 어디로 가야 하나요?
[동일] R035 (확장) baseline_rank=1 -> reranked_rank=1 | 데이터 로밍 자동 차단 문제는 어떻게 해결할까요?
[동일] R036 (확장) baseline_rank=1 -> reranked_rank=1 | 데이터 사용량 초과 후 속도 제한 문제는 어떻게 해결할까요?
[동일] R037 (확장) baseline_rank=1 -> reranked_rank=1 | 특정 앱에서만 느린 데이터 속도 관련 설정은 어디서 변경할까요?
[동일] R038 (확장) baseline_rank=1 -> reranked_rank=1 | 와이파이 자동 전환 문제는 어떻게 해결할까요?
[동일] R039 (확장) baseline_rank=1 -> reranked_rank=1 | 지하철에서 데이터 연결 문제는 어떻게 해결할까요?
[동일] R040 (확장) baseline_rank=1 -> reranked_rank=1 | 혹시 지하철에서 데이터 연결이 잘 안 되는데 뭘 확인해봐야 하나요?
[동일] R041 (확장) baseline_rank=1 -> reranked_rank=1 | 혹시 유럽 로밍 요금제은 얼마나 나오나요?
[동일] R042 (확장) baseline_rank=1 -> reranked_rank=1 | 환승 중 로밍 요금은 언제부터 적용이 되나요?
[동일] R043 (확장) baseline_rank=1 -> reranked_rank=1 | 환승 중 로밍 요금은 신청 방법이 궁금해요.
[동일] R044 (확장) baseline_rank=1 -> reranked_rank=1 | 일본 로밍 요금제 쓰다가 데이터를 다 쓰면 어떻게 되나요?
[동일] R045 (확장) baseline_rank=1 -> reranked_rank=1 | 로밍 데이터 무제한 상품 쓰다가 데이터를 다 쓰면 어떻게 되나요?
[동일] R046 (확장) baseline_rank=1 -> reranked_rank=1 | 혹시 일본 로밍 요금제은 얼마나 나오나요?
[동일] R047 (확장) baseline_rank=1 -> reranked_rank=1 | 혹시 동남아 로밍 요금제은 얼마나 나오나요?
[동일] R048 (확장) baseline_rank=1 -> reranked_rank=1 | 로밍 데이터 무제한 상품은 언제부터 적용될까요?
[동일] R049 (확장) baseline_rank=1 -> reranked_rank=1 | 크루즈 여행 중 로밍은 어떻게 신청할까요?
[동일] R050 (확장) baseline_rank=1 -> reranked_rank=1 | 동남아 로밍 요금제은 언제부터 적용이 되나요?
[동일] R051 (확장) baseline_rank=1 -> reranked_rank=1 | 가족 통합 청구서는 어떤 방법으로 신청할 수 있나요?
[동일] R052 (확장) baseline_rank=1 -> reranked_rank=1 | 복지 요금 감면 신청는 매달 자동으로 되는 건가요?
[동일] R053 (확장) baseline_rank=1 -> reranked_rank=1 | 가족 통합 청구서 관련해서 어디에 문의하면 되나요?
[동일] R054 (확장) baseline_rank=1 -> reranked_rank=1 | 법인 명의 청구서는 매달 자동으로 되는 건가요?
[동일] R055 (확장) baseline_rank=1 -> reranked_rank=1 | 가족 통합 청구서는 매달 자동으로 적용될까요?
[동일] R056 (확장) baseline_rank=1 -> reranked_rank=1 | 미납 요금 분할 납부는 매달 자동으로 적용될까요?
[동일] R057 (확장) baseline_rank=1 -> reranked_rank=1 | 청구서 발행일 변경 관련 문의는 어디서 할까요?
[동일] R058 (확장) baseline_rank=1 -> reranked_rank=1 | 선불 요금 충전는 신청 방법이 어떻게 되나요?
[동일] R059 (확장) baseline_rank=1 -> reranked_rank=1 | 선불 요금 충전는 어떤 방법으로 신청할 수 있나요?
[동일] R060 (확장) baseline_rank=1 -> reranked_rank=1 | 요금 할인 쿠폰 적용 관련 문의는 어디서 할까요?
[동일] R061 (확장) baseline_rank=1 -> reranked_rank=1 | 선택약정 할인 해지은 시간이 얼마나 걸리나요?
[동일] R062 (확장) baseline_rank=1 -> reranked_rank=1 | 해지 후 재가입 제한기간은 시간이 얼마나 걸리나요?
[동일] R063 (확장) baseline_rank=1 -> reranked_rank=1 | 위약금 분할 납부 할 때 조심해야 할 점이 있나요?
[동일] R064 (확장) baseline_rank=1 -> reranked_rank=1 | 미성년자 명의 해지 할 때 조심해야 할 점이 있나요?
[동일] R065 (확장) baseline_rank=1 -> reranked_rank=1 | 번호이동으로 인한 자동 해지는 어떻게 처리할까요?
[동일] R066 (확장) baseline_rank=1 -> reranked_rank=1 | 선택약정 할인 해지에는 처리까지 시간이 얼마나 소요되나요?
[동일] R067 (확장) baseline_rank=1 -> reranked_rank=1 | 해지 후 재가입 제한기간는 처리 방법이 궁금해요.
[동일] R068 (확장) baseline_rank=1 -> reranked_rank=1 | 법인 회선 해지는 처리 방법이 궁금해요.
[동일] R069 (확장) baseline_rank=1 -> reranked_rank=1 | 위약금 분할 납부에는 처리까지 시간이 얼마나 소요되나요?
[동일] R070 (확장) baseline_rank=1 -> reranked_rank=1 | 결합상품 동시 해지는 어떻게 처리할까요?
[동일] R071 (확장) baseline_rank=1 -> reranked_rank=1 | 분실폰 데이터 원격 삭제 관련해서 비용이 드는지 궁금해요.
[동일] R072 (확장) baseline_rank=1 -> reranked_rank=1 | 분실폰 원격 잠금는 어떻게 해야 하나요?
[동일] R073 (확장) baseline_rank=1 -> reranked_rank=1 | 타인이 주운 휴대폰 발견 시 신고 관련 비용이 발생할까요?
[동일] R074 (확장) baseline_rank=1 -> reranked_rank=1 | 해외에서 분실 관련해서 비용이 드는지 궁금해요.
[동일] R075 (확장) baseline_rank=1 -> reranked_rank=1 | 분실 후 보험 청구는 어떻게 해야 하나요?
[동일] R076 (확장) baseline_rank=1 -> reranked_rank=1 | 분실폰 원격 잠금는 어떻게 해야 하나요?
[동일] R077 (확장) baseline_rank=1 -> reranked_rank=1 | 분실폰 원격 잠금 관련 비용이 발생할까요?
[동일] R078 (확장) baseline_rank=1 -> reranked_rank=1 | 분실폰 원격 잠금 관련해서 비용이 드는지 궁금해요.
[동일] R079 (확장) baseline_rank=1 -> reranked_rank=1 | 해외에서 분실는 어떻게 해야 하나요?
[동일] R080 (확장) baseline_rank=1 -> reranked_rank=1 | 분실 후 보험 청구는 어떻게 해야 하나요?
[동일] R081 (확장) baseline_rank=1 -> reranked_rank=1 | 영상통화 요금는 추가로 요금이 붙나요?
[동일] R082 (확장) baseline_rank=1 -> reranked_rank=1 | 컬러링 설정는 어떤 식으로 이용하면 되나요?
[동일] R083 (확장) baseline_rank=1 -> reranked_rank=1 | 부재중 전화 알림 설정는 추가로 요금이 붙나요?
[동일] R084 (확장) baseline_rank=1 -> reranked_rank=1 | 스팸 전화 자동 차단는 어떤 식으로 이용하면 되나요?
[동일] R085 (확장) baseline_rank=1 -> reranked_rank=1 | 부재중 전화 알림 설정는 이용 방법이 궁금해요.
[동일] R086 (확장) baseline_rank=1 -> reranked_rank=1 | 부재중 전화 알림 설정는 어떤 식으로 이용하면 되나요?
[동일] R087 (확장) baseline_rank=1 -> reranked_rank=1 | 스팸 전화 자동 차단는 별도 요금이 발생할까요?
[동일] R088 (확장) baseline_rank=1 -> reranked_rank=1 | 스팸 전화 자동 차단는 이용 방법이 궁금해요.
[동일] R089 (확장) baseline_rank=1 -> reranked_rank=1 | 국제문자 발송는 어떤 식으로 이용하면 되나요?
[동일] R090 (확장) baseline_rank=1 -> reranked_rank=1 | 그룹 문자 발송 제한는 별도 요금이 발생할까요?
[동일] R091 (확장) baseline_rank=1 -> reranked_rank=1 | 본인인증 재설정는 어떤 식으로 이용하면 되나요?
[동일] R092 (확장) baseline_rank=1 -> reranked_rank=1 | 개인정보 열람 신청는 어떤 식으로 이용하면 되나요?
[동일] R093 (확장) baseline_rank=1 -> reranked_rank=1 | 청각장애인 전용 상담는 이용 방법이 궁금해요.
[동일] R094 (확장) baseline_rank=1 -> reranked_rank=1 | 영상 상담 서비스는 어떤 식으로 이용하면 되나요?
[동일] R095 (확장) baseline_rank=1 -> reranked_rank=1 | 카카오톡 상담 운영시간이 궁금해요.
[동일] R096 (확장) baseline_rank=1 -> reranked_rank=1 | 챗봇 상담 운영시간은 어떻게 될까요?
[동일] R097 (확장) baseline_rank=1 -> reranked_rank=1 | 챗봇 상담 운영시간이 궁금해요.
[동일] R098 (확장) baseline_rank=1 -> reranked_rank=1 | 영상 상담 서비스 운영시간이 궁금해요.
[동일] R099 (확장) baseline_rank=1 -> reranked_rank=1 | 카카오톡 상담는 어떤 식으로 이용하면 되나요?
[동일] R100 (확장) baseline_rank=1 -> reranked_rank=1 | 개인정보 열람 신청 운영시간은 어떻게 될까요?
[동일] R101 (확장) baseline_rank=1 -> reranked_rank=1 | 웨어러블 기기 회선 개통 시 필요한 준비물이 가능한가요?
[동일] R102 (확장) baseline_rank=1 -> reranked_rank=1 | 해외 구매 단말기 개통 시 필요한 준비물이 가능한가요?
[동일] R103 (확장) baseline_rank=1 -> reranked_rank=1 | 선불폰 개통 시 필요한 준비물이 가능한가요?
[동일] R104 (확장) baseline_rank=1 -> reranked_rank=1 | 해외 구매 단말기 개통 하려면 뭘 챙겨가야 하나요?
[동일] R105 (확장) baseline_rank=1 -> reranked_rank=1 | 웨어러블 기기 회선 개통 하려면 뭘 챙겨가야 하나요?
[동일] R106 (확장) baseline_rank=1 -> reranked_rank=1 | 태블릿 데이터 전용 회선 개통 하려면 뭘 챙겨가야 하나요?
[동일] R107 (확장) baseline_rank=1 -> reranked_rank=1 | 자급제 단말기 개통 시 필요한 준비물이 가능한가요?
[동일] R108 (확장) baseline_rank=1 -> reranked_rank=1 | IoT 전용 회선 개통 시 필요한 준비물이 가능한가요?
[동일] R109 (확장) baseline_rank=1 -> reranked_rank=1 | 태블릿 데이터 전용 회선 개통는 어떻게 해야 하나요?
[동일] R110 (확장) baseline_rank=1 -> reranked_rank=1 | IoT 전용 회선 개통는 어떻게 해야 하나요?
[동일] R111 (확장) baseline_rank=1 -> reranked_rank=1 | 발신번호 표시 서비스는 어떤 방법으로 신청할 수 있나요?
[동일] R112 (확장) baseline_rank=1 -> reranked_rank=1 | 해외 발신 표시 서비스는 아이폰에서도 되나요?
[동일] R113 (확장) baseline_rank=1 -> reranked_rank=1 | 혹시 메시지 예약 발송는 아이폰에서도 되나요?
[동일] R114 (확장) baseline_rank=1 -> reranked_rank=1 | 통화 녹음 서비스는 아이폰에서도 되나요?
[동일] R115 (확장) baseline_rank=1 -> reranked_rank=1 | 혹시 해외 발신 표시 서비스는 아이폰에서도 되나요?
[동일] R116 (확장) baseline_rank=1 -> reranked_rank=1 | 해외 발신 표시 서비스는 어떤 방법으로 신청할 수 있나요?
[동일] R117 (확장) baseline_rank=1 -> reranked_rank=1 | 혹시 통화 녹음 서비스는 아이폰에서도 되나요?
[동일] R118 (확장) baseline_rank=1 -> reranked_rank=1 | 번호도용 문자 차단는 아이폰에서도 되나요?
[동일] R119 (확장) baseline_rank=1 -> reranked_rank=1 | 혹시 통화 품질 향상 서비스는 돈 안 내도 되나요?
[동일] R120 (확장) baseline_rank=1 -> reranked_rank=1 | 혹시 지능형 스팸 차단는 돈 안 내도 되나요?
[동일] R121 (확장) baseline_rank=1 -> reranked_rank=1 | 포인트 유효기간 관련 유의사항이 가능한가요?
[동일] R122 (확장) baseline_rank=1 -> reranked_rank=1 | 포인트 유효기간는 자동으로 적용될까요?
[동일] R123 (확장) baseline_rank=1 -> reranked_rank=1 | 생일 축하 쿠폰 관련해서 조심해야 할 게 있을까요?
[동일] R124 (확장) baseline_rank=1 -> reranked_rank=1 | 멤버십 제휴 할인는 어디서 확인할 수 있나요?
[동일] R125 (확장) baseline_rank=1 -> reranked_rank=1 | 포인트를 데이터로 전환는 어디서 확인할 수 있나요?
[동일] R126 (확장) baseline_rank=1 -> reranked_rank=1 | 통신사 멤버십 등급는 자동으로 적용될까요?
[동일] R127 (확장) baseline_rank=1 -> reranked_rank=1 | 포인트 유효기간 관련해서 조심해야 할 게 있을까요?
[동일] R128 (확장) baseline_rank=1 -> reranked_rank=1 | 포인트 유효기간는 어디서 확인할 수 있나요?
[동일] R129 (확장) baseline_rank=1 -> reranked_rank=1 | 포인트 유효기간는 자동으로 되는 건가요?
[동일] R130 (확장) baseline_rank=1 -> reranked_rank=1 | 포인트를 데이터로 전환 관련해서 조심해야 할 게 있을까요?
[동일] R131 (확장) baseline_rank=1 -> reranked_rank=1 | 단말기 반납 프로그램는 어디서 할까요?
[동일] R132 (확장) baseline_rank=1 -> reranked_rank=1 | 단말기 소프트웨어 업데이트는 어디 가서 하면 되나요?
[동일] R133 (확장) baseline_rank=1 -> reranked_rank=1 | 단말기 파손보험 가입 후 바로 보상받을 수 있나요?
[동일] R134 (확장) baseline_rank=1 -> reranked_rank=1 | 단말기 반납 프로그램는 어디 가서 하면 되나요?
[동일] R135 (확장) baseline_rank=1 -> reranked_rank=1 | 중고 단말기 시세 조회는 어디 가서 하면 되나요?
[동일] R136 (확장) baseline_rank=1 -> reranked_rank=1 | 혹시 공기계 등록에 돈이 드는지 궁금해요.
[동일] R137 (확장) baseline_rank=1 -> reranked_rank=1 | 혹시 단말기 파손보험에 돈이 드는지 궁금해요.
[동일] R138 (확장) baseline_rank=1 -> reranked_rank=1 | 단말기 할부금 조회에 돈이 드는지 궁금해요.
[동일] R139 (확장) baseline_rank=1 -> reranked_rank=1 | 중고 단말기 시세 조회는 어디서 할까요?
[동일] R140 (확장) baseline_rank=1 -> reranked_rank=1 | 공기계 등록는 어디 가서 하면 되나요?
[동일] R141 (확장) baseline_rank=1 -> reranked_rank=1 | 홈사물인터넷 결합의 할인 혜택이 어떻게 되나요?
[동일] R142 (확장) baseline_rank=1 -> reranked_rank=1 | 결합 해지 시 위약금은 어떻게 신청할까요?
[동일] R143 (확장) baseline_rank=1 -> reranked_rank=1 | 혹시 홈사물인터넷 결합의 할인 혜택이 어떻게 되나요?
[동일] R144 (확장) baseline_rank=1 -> reranked_rank=1 | 혹시 인터넷+휴대폰 결합의 할인 혜택이 어떻게 되나요?
[동일] R145 (확장) baseline_rank=1 -> reranked_rank=1 | 인터넷+휴대폰 결합은 어떻게 신청할까요?
[동일] R146 (확장) baseline_rank=1 -> reranked_rank=1 | 결합 해지 시 위약금은 신청 방법이 궁금해요.
[동일] R147 (확장) baseline_rank=1 -> reranked_rank=1 | 가족 결합 인원 조건의 할인 혜택이 어떻게 되나요?
[동일] R148 (확장) baseline_rank=1 -> reranked_rank=1 | 인터넷+TV+휴대폰 결합은 어떻게 신청할까요?
[동일] R149 (확장) baseline_rank=1 -> reranked_rank=1 | 결합 해지 시 위약금의 할인 혜택이 어떻게 되나요?
[동일] R150 (확장) baseline_rank=1 -> reranked_rank=1 | IPTV 단독 가입의 할인 혜택이 어떻게 되나요?
[동일] R151 (확장) baseline_rank=1 -> reranked_rank=1 | 알뜰폰 요금제 비교는 어디서 확인할 수 있나요?
[동일] R152 (확장) baseline_rank=1 -> reranked_rank=1 | 알뜰폰 요금제 비교는 어디서 확인할 수 있나요?
[동일] R153 (확장) baseline_rank=1 -> reranked_rank=1 | 알뜰폰 가입 절차 관련 문의는 어디서 할 수 있나요?
[동일] R154 (확장) baseline_rank=1 -> reranked_rank=1 | 자급제 단말기 유심 호환성 관련 문의는 어디서 할 수 있나요?
[동일] R155 (확장) baseline_rank=1 -> reranked_rank=1 | 알뜰폰에서 5G 사용 가능 여부는 어디서 확인할 수 있나요?
[동일] R156 (확장) baseline_rank=1 -> reranked_rank=1 | 자급제 단말기 유심 호환성는 어디서 확인할 수 있나요?
[동일] R157 (확장) baseline_rank=1 -> reranked_rank=1 | 알뜰폰 요금제 비교 관련해서 문의는 어디로 할까요?
[동일] R158 (확장) baseline_rank=1 -> reranked_rank=1 | 알뜰폰 가입 절차는 어디서 확인할 수 있나요?
[동일] R159 (확장) baseline_rank=1 -> reranked_rank=1 | 자급제 단말기 유심 호환성 관련해서 문의는 어디로 할까요?
[동일] R160 (확장) baseline_rank=1 -> reranked_rank=1 | 알뜰폰 가입 절차 관련해서 문의는 어디로 할까요?
[동일] R161 (확장) baseline_rank=1 -> reranked_rank=1 | 본인확인서비스(PASS) 이용 관련 문제가 있을 때는 어떻게 해야 하나요?
[동일] R162 (확장) baseline_rank=1 -> reranked_rank=1 | 명의도용 방지 서비스는 어떻게 해야 하나요?
[동일] R163 (확장) baseline_rank=1 -> reranked_rank=1 | 개인정보 제3자 제공 동의 철회는 어떻게 해야 하나요?
[악화(순위 하락, k 안에서는 유지)] R164 (확장) baseline_rank=1 -> reranked_rank=3 | 휴대폰 인증 오류는 어떻게 해야 하나요?
[동일] R165 (확장) baseline_rank=1 -> reranked_rank=1 | 명의도용 방지 서비스 관련 문제가 생기면 어떻게 할까요?
[동일] R166 (확장) baseline_rank=1 -> reranked_rank=1 | 개인정보 제3자 제공 동의 철회는 어떻게 해야 하나요?
[동일] R167 (확장) baseline_rank=1 -> reranked_rank=1 | 휴대폰 인증 오류 관련 문제가 생기면 어떻게 할까요?
[동일] R168 (확장) baseline_rank=1 -> reranked_rank=1 | 본인확인서비스(PASS) 이용는 어떻게 해야 하나요?
[동일] R169 (확장) baseline_rank=1 -> reranked_rank=1 | 본인확인서비스(PASS) 이용 관련 문제가 생기면 어떻게 할까요?
[동일] R170 (확장) baseline_rank=1 -> reranked_rank=1 | 본인확인서비스(PASS) 이용는 어떻게 해야 하나요?
[동일] R171 (확장) baseline_rank=1 -> reranked_rank=1 | 주차 가능한 매장를 찾을 수 있을까요?
[동일] R172 (확장) baseline_rank=1 -> reranked_rank=1 | 혹시 주차 가능한 매장를 찾을 수 있을까요?
[동일] R173 (확장) baseline_rank=1 -> reranked_rank=1 | 혹시 장애인 편의시설을 갖춘 매장를 찾을 수 있을까요?
[동일] R174 (확장) baseline_rank=1 -> reranked_rank=1 | 혹시 심야 운영 매장를 찾을 수 있을까요?
[동일] R175 (확장) baseline_rank=1 -> reranked_rank=1 | 장애인 편의시설을 갖춘 매장를 찾을 수 있을까요?
[동일] R176 (확장) baseline_rank=1 -> reranked_rank=1 | 심야 운영 매장를 찾을 수 있을까요?
[동일] R177 (확장) baseline_rank=1 -> reranked_rank=1 | 예약 방문 가능한 매장를 찾을 수 있을까요?
[동일] R178 (확장) baseline_rank=1 -> reranked_rank=1 | 혹시 예약 방문 가능한 매장를 찾을 수 있을까요?

======================================================================
회차 1 | 2026-09-11 17:10:32 | reranker = jina-reranker-v2 (final_k=5, buffer=5)
======================================================================
[동일] E01 (Easy) baseline_rank=1 -> reranked_rank=1 | 해외 데이터 로밍 요금은 어떻게 되나요?
[동일] E02 (Easy) baseline_rank=3 -> reranked_rank=3 | 휴대폰을 분실하면 어떻게 해야 하나요?
[동일] E03 (Easy) baseline_rank=1 -> reranked_rank=1 | 데이터 속도가 갑자기 느려졌어요.
[개선(순위 상승)] E04 (Easy) baseline_rank=2 -> reranked_rank=1 | 데이터 사용량을 확인하고 싶어요.
[동일] E05 (Easy) baseline_rank=1 -> reranked_rank=1 | 유심을 재발급받으려면 어떻게 하나요?
[동일] E06 (Easy) baseline_rank=1 -> reranked_rank=1 | 번호를 변경하려면 어떻게 하나요?
[동일] E07 (Easy) baseline_rank=1 -> reranked_rank=1 | 이번 달 휴대폰 요금이 너무 많이 나왔어요.
[동일] E08 (Easy) baseline_rank=1 -> reranked_rank=1 | 약정 중 해지하면 위약금이 발생하나요?
[동일] E10 (Easy) baseline_rank=1 -> reranked_rank=1 | 해외에서 데이터 로밍을 차단하고 싶어요.
[동일] M01 (Medium) baseline_rank=10 -> reranked_rank=10 | 일본에서 인터넷 좀 쓰면 추가 요금 많이 붙나요?
[동일] M02 (Medium) baseline_rank=2 -> reranked_rank=2 | 폰을 어디에 뒀는지 모르겠는데 일단 아무도 못 쓰게 하고 싶어요.
[동일] M03 (Medium) baseline_rank=1 -> reranked_rank=1 | 유튜브가 갑자기 엄청 느려졌는데 데이터를 다 쓴 걸까요?
[동일] M04 (Medium) baseline_rank=1 -> reranked_rank=1 | 이번 달 인터넷 얼마나 썼는지 어디서 봐요?
[개선(k 밖이었는데 들어옴)] M05 (Medium) baseline_rank=9 -> reranked_rank=1 | 심카드를 잃어버려서 새 걸 받아야 할 것 같아요.
[개선(순위 상승)] M06 (Medium) baseline_rank=5 -> reranked_rank=2 | 새 폰을 샀는데 지금 쓰는 010 번호 계속 쓸 수 있나요?
[동일] M07 (Medium) baseline_rank=1 -> reranked_rank=1 | 평소에는 5만원인데 이번 달에는 10만원이 나왔어요.
[동일] M08 (Medium) baseline_rank=1 -> reranked_rank=1 | 계약 기간이 아직 남았는데 통신사를 옮기면 돈 내야 하나요?
[동일] M10 (Medium) baseline_rank=2 -> reranked_rank=2 | 해외에서는 와이파이만 쓰고 휴대폰 인터넷은 아예 꺼두고 싶어요.
[동일] H01 (Hard) baseline_rank=9 -> reranked_rank=10 | 일본 여행 가서 카톡이랑 유튜브 좀 쓰려고 하는데 그냥 쓰면 요금 많이 나오나요?
[동일] H02 (Hard) baseline_rank=8 -> reranked_rank=8 | 지하철에 폰을 두고 내린 것 같은데 누가 전화나 데이터를 못 쓰게 하고 싶어요.
[악화(순위 하락, k 안에서는 유지)] H03 (Hard) baseline_rank=1 -> reranked_rank=4 | 데이터 연결은 되어 있는데 영상이 거의 안 돌아가요. 이번 달 데이터를 다 써서 그런 건가요?
[동일] H04 (Hard) baseline_rank=1 -> reranked_rank=1 | 유심을 잃어버려서 지금 번호 그대로 새 유심을 받아야 하는데 어떻게 하나요?
[동일] H05 (Hard) baseline_rank=1 -> reranked_rank=1 | 통신사는 그대로 쓰고 휴대폰만 새 걸로 바꿨는데 번호를 계속 쓰려면 어떻게 해야 하나요?
[동일] H06 (Hard) baseline_rank=1 -> reranked_rank=1 | 해외여행 다녀온 뒤 이번 달 통신비가 갑자기 두 배로 나왔어요. 왜 그런가요?
[개선(순위 상승)] H07 (Hard) baseline_rank=2 -> reranked_rank=1 | 중국에 가는데 호텔 와이파이만 쓰고 실수로 데이터가 켜져서 돈 나가는 것도 막고 싶어요.
[동일] H08 (Hard) baseline_rank=1 -> reranked_rank=1 | 폰은 그대로 쓸 건데 스팸 전화가 너무 와서 제 번호 자체를 바꾸고 싶습니다.
[동일] H10 (Hard) baseline_rank=1 -> reranked_rank=1 | 약정이 6개월 남았는데 번호는 유지하면서 다른 통신사로 옮기려고 합니다. 추가로 내야 할 돈이 있나요?
[악화(순위 하락, k 안에서는 유지)] C01 (구어체) baseline_rank=1 -> reranked_rank=2 | eSIM이 정확히 뭔지 잘 모르겠는데 유심이랑 다른 거임?
[동일] C02 (구어체) baseline_rank=1 -> reranked_rank=1 | 자꾸 스팸 문자 오는데 이거 막을 방법 없나?
[동일] C03 (구어체) baseline_rank=1 -> reranked_rank=1 | 데이터 무제한으로 맘껏 쓸 수 있는 요금제 있음?
[동일] C04 (구어체) baseline_rank=1 -> reranked_rank=1 | 고객센터 몇 시까지 하는지 아는 사람?
[동일] C05 (구어체) baseline_rank=1 -> reranked_rank=1 | 폰 중고로 바꿔도 괜찮은 거지?
[동일] C06 (구어체) baseline_rank=1 -> reranked_rank=1 | 핫스팟 켜서 쓸 수 있는 거 맞죠?
[동일] C07 (구어체) baseline_rank=1 -> reranked_rank=1 | 청구서 메일로 받아보고 싶은데 가능해요?
[악화(순위 하락, k 안에서는 유지)] C08 (구어체) baseline_rank=1 -> reranked_rank=3 | 정지된 거 다시 풀려면 어떻게 해야 되나요?
[동일] C09 (구어체) baseline_rank=1 -> reranked_rank=1 | 가족끼리 묶어서 할인받는 거 신청하려면 어떻게 함?
[동일] C10 (구어체) baseline_rank=1 -> reranked_rank=1 | 번호 바꾸면 예전 번호로 온 문자는 어떻게 되는 거예요?
[악화(k 안에 있었는데 밀려남)] T01 (오타) baseline_rank=1 -> reranked_rank=7 | 번호이동 할려면 머 해야되요
[동일] T02 (오타) baseline_rank=1 -> reranked_rank=1 | 데이타 사용량 확인하는법 알려주세요
[동일] T03 (오타) baseline_rank=1 -> reranked_rank=1 | 요금이 왜케 마니나왔조
[동일] T04 (오타) baseline_rank=1 -> reranked_rank=1 | 소액결재 차단할수있나요
[동일] T05 (오타) baseline_rank=1 -> reranked_rank=1 | 특정번호 차단하는법 알고싶어요
[동일] T06 (오타) baseline_rank=1 -> reranked_rank=1 | 약정중해지하면 위약금 잇나요
[동일] T07 (오타) baseline_rank=1 -> reranked_rank=1 | 가까운매장 어떻게찾나요
[동일] T08 (오타) baseline_rank=1 -> reranked_rank=1 | 해외데이타로밍 요금이 얼마에요
[동일] T09 (오타) baseline_rank=1 -> reranked_rank=1 | 유심이 인식이 안되요 휴대폰에서
[동일] T10 (오타) baseline_rank=1 -> reranked_rank=1 | 요금제바꾸고싶은데 어떡게하나요
[동일] L01 (긴질문) baseline_rank=2 -> reranked_rank=2 | 다음 달에 유럽 여행을 가는데 거기서 인터넷을 좀 써야 할 것 같아서요. 로밍이라는 게 있다고는 들었는데 정확히 어떻게 요금이 매겨지는 건지 감이 안 와서 여쭤봐요. 데이터 요금이 어떻게 되나요?
[개선(순위 상승)] L02 (긴질문) baseline_rank=4 -> reranked_rank=3 | 어제 출근하다가 휴대폰을 잃어버렸는데 안에 유심도 들어 있고 번호는 그대로 쓰고 싶어요. 새 유심을 받을 수 있나요?
[악화(순위 하락, k 안에서는 유지)] L03 (긴질문) baseline_rank=1 -> reranked_rank=2 | 제가 지금 2년 약정으로 쓰고 있는데 아직 6개월 정도 남았거든요. 근데 갑자기 사정이 생겨서 다른 통신사로 옮겨야 할 것 같은데, 이 경우에 위약금도 내야 하고 아직 남은 할부금도 있는 걸로 아는데 이거 어떻게 처리되는 건지 자세히 알고 싶어요.
[동일] L04 (긴질문) baseline_rank=1 -> reranked_rank=1 | 제가 예전에 데이터를 다 써서 요금이 엄청 많이 나온 적이 있었거든요. 그래서 이번에는 데이터가 다 되기 전에 미리 알 수 있으면 좋겠는데, 그런 식으로 알림 받을 수 있는 방법이 있나요?
[동일] L05 (긴질문) baseline_rank=1 -> reranked_rank=1 | 최근에 최신 스마트폰으로 바꿨는데 분명히 5G 요금제를 쓰고 있는데도 화면에 계속 LTE라고만 떠서요. 설정을 잘못 만진 건지 아니면 원래 이 지역에서 5G가 안 잡히는 건지 헷갈리는데, 왜 이런 건가요?
[악화(순위 하락, k 안에서는 유지)] L06 (긴질문) baseline_rank=2 -> reranked_rank=3 | 부모님 명의로 되어 있는 휴대폰을 제 명의로 바꾸고 싶은데, 절차가 복잡한지 궁금하고 혹시 두 사람이 같이 매장에 가야 하는 건지 아니면 온라인으로도 처리가 가능한 건지 알고 싶어요.
[동일] L07 (긴질문) baseline_rank=1 -> reranked_rank=1 | 저희 가족이 다 같은 통신사를 쓰고 있는데, 저는 데이터를 항상 남기고 동생은 항상 데이터가 부족해서 추가로 요금을 내고 있거든요. 이런 경우에 가족끼리 데이터를 나눠 쓸 수 있는 방법이 있는지 궁금해요.
[악화(순위 하락, k 안에서는 유지)] L08 (긴질문) baseline_rank=1 -> reranked_rank=2 | 이번에 해외로 몇 달 정도 나가 있을 예정이라 그동안 휴대폰을 아예 안 쓸 것 같은데, 그렇다고 완전히 해지하기는 아까워서요. 혹시 일시적으로 사용을 멈춰두는 방법이 있고, 그 기간에도 요금이 계속 나가는 건지 궁금합니다.
[동일] L09 (긴질문) baseline_rank=1 -> reranked_rank=1 | 제 폰이 eSIM이랑 일반 유심을 둘 다 지원하는 기종이라고 들었는데, 회사폰이랑 개인폰 번호를 하나의 휴대폰으로 같이 쓰고 싶어서요. 이렇게 두 개를 동시에 활성화해서 쓰는 게 가능한 건가요?
[동일] L10 (긴질문) baseline_rank=1 -> reranked_rank=1 | 제가 매달 요금제에 포함된 데이터를 거의 다 못 쓰고 남기는 편인데, 이렇게 남는 데이터가 있으면 그냥 사라지는 건지 아니면 혹시 다음 달로 넘겨서 쓸 수 있는 그런 제도가 있는지 궁금해서 여쭤봐요.
[동일] R001 (확장) baseline_rank=1 -> reranked_rank=1 | 만 65세 이상 시니어 요금제로 변경하려면 위약금이 발생할까요?
[동일] R002 (확장) baseline_rank=1 -> reranked_rank=1 | 온라인 전용 요금제를 신청하려면 어떻게 할까요?
[동일] R003 (확장) baseline_rank=1 -> reranked_rank=1 | 5G 다이렉트 44는 약정 없이도 쓸 수 있나요?
[동일] R004 (확장) baseline_rank=1 -> reranked_rank=1 | 다이렉트 요금제는 부가통화 무제한으로 쓸 수 있나요?
[동일] R005 (확장) baseline_rank=1 -> reranked_rank=1 | 혹시 LTE 선택 요금제의 기본요금이 얼마인지 궁금해요.
[동일] R006 (확장) baseline_rank=1 -> reranked_rank=1 | 온라인 전용 요금제와 다른 요금제는 뭐가 다른가요?
[동일] R007 (확장) baseline_rank=1 -> reranked_rank=1 | 혹시 복지 감면 요금제와 다른 요금제는 뭐가 다른가요?
[동일] R008 (확장) baseline_rank=1 -> reranked_rank=1 | 혹시 온라인 전용 요금제의 기본요금이 얼마인지 궁금해요.
[동일] R009 (확장) baseline_rank=1 -> reranked_rank=1 | 혹시 시니어 전용 요금제의 기본요금이 얼마인지 궁금해요.
[동일] R010 (확장) baseline_rank=1 -> reranked_rank=1 | 5G 다이렉트 25를 신청하려면 어떻게 할까요?
[동일] R011 (확장) baseline_rank=1 -> reranked_rank=1 | 세대주 명의 이전는 처리까지 얼마나 걸리나요?
[동일] R012 (확장) baseline_rank=1 -> reranked_rank=1 | 알뜰폰에서 번호이동는 처리까지 시간이 얼마나 소요되나요?
[동일] R013 (확장) baseline_rank=1 -> reranked_rank=1 | 외국인 명의 신규가입를 취소하고 싶은데 가능한가요?
[동일] R014 (확장) baseline_rank=1 -> reranked_rank=1 | 미성년자 명의 신규가입는 처리까지 얼마나 걸리나요?
[동일] R015 (확장) baseline_rank=1 -> reranked_rank=1 | 가족 회선 추가 가입를 취소하고 싶은데 가능한가요?
[동일] R016 (확장) baseline_rank=1 -> reranked_rank=1 | 세대주 명의 이전는 어떤 절차로 진행되나요?
[동일] R017 (확장) baseline_rank=1 -> reranked_rank=1 | 세대주 명의 이전는 처리까지 시간이 얼마나 소요되나요?
[동일] R018 (확장) baseline_rank=1 -> reranked_rank=1 | 자녀 명의로 회선 개설는 처리까지 얼마나 걸리나요?
[동일] R019 (확장) baseline_rank=1 -> reranked_rank=1 | 세대주 명의 이전는 어떤 절차로 진행되나요?
[동일] R020 (확장) baseline_rank=1 -> reranked_rank=1 | 타 통신사에서 번호이동 시 필요한 서류가 가능한가요?
[동일] R021 (확장) baseline_rank=1 -> reranked_rank=1 | 혹시 듀얼 eSIM 설정 비용이 얼마나 드는지 궁금해요.
[동일] R022 (확장) baseline_rank=1 -> reranked_rank=1 | eSIM QR코드 발급는 신청 방법이 어떻게 되나요?
[동일] R023 (확장) baseline_rank=1 -> reranked_rank=1 | 혹시 유심 무료 재발급 대상는 꼭 매장에 가야만 되나요?
[동일] R024 (확장) baseline_rank=1 -> reranked_rank=1 | 유심 무료 재발급 대상는 꼭 매장에 가야만 되나요?
[동일] R025 (확장) baseline_rank=1 -> reranked_rank=1 | eSIM 신규 발급 하고 나서 바로 쓸 수 있나요?
[동일] R026 (확장) baseline_rank=1 -> reranked_rank=1 | 유심 무료 재발급 대상 하고 나서 바로 쓸 수 있나요?
[동일] R027 (확장) baseline_rank=1 -> reranked_rank=1 | 혹시 eSIM QR코드 발급는 꼭 매장에 가야만 되나요?
[동일] R028 (확장) baseline_rank=1 -> reranked_rank=1 | eSIM QR코드 발급는 꼭 매장에 가야만 되나요?
[동일] R029 (확장) baseline_rank=1 -> reranked_rank=1 | 혹시 듀얼 eSIM 설정는 꼭 매장에 가야만 되나요?
[동일] R030 (확장) baseline_rank=1 -> reranked_rank=1 | 유심 크기(나노/마이크로) 변경는 어떤 방법으로 신청할 수 있나요?
[동일] R031 (확장) baseline_rank=1 -> reranked_rank=1 | 5G 커버리지 확인 문제가 생겼는데 어떻게 해결해야 하나요?
[동일] R032 (확장) baseline_rank=1 -> reranked_rank=1 | 특정 앱에서만 느린 데이터 속도 문제는 어떻게 해결할까요?
[동일] R033 (확장) baseline_rank=1 -> reranked_rank=1 | 혹시 와이파이 자동 전환이 잘 안 되는데 뭘 확인해봐야 하나요?
[동일] R034 (확장) baseline_rank=1 -> reranked_rank=1 | 5G 커버리지 확인 관련 설정을 바꾸려면 어디로 가야 하나요?
[동일] R035 (확장) baseline_rank=1 -> reranked_rank=1 | 데이터 로밍 자동 차단 문제는 어떻게 해결할까요?
[동일] R036 (확장) baseline_rank=1 -> reranked_rank=1 | 데이터 사용량 초과 후 속도 제한 문제는 어떻게 해결할까요?
[동일] R037 (확장) baseline_rank=1 -> reranked_rank=1 | 특정 앱에서만 느린 데이터 속도 관련 설정은 어디서 변경할까요?
[동일] R038 (확장) baseline_rank=1 -> reranked_rank=1 | 와이파이 자동 전환 문제는 어떻게 해결할까요?
[동일] R039 (확장) baseline_rank=1 -> reranked_rank=1 | 지하철에서 데이터 연결 문제는 어떻게 해결할까요?
[동일] R040 (확장) baseline_rank=1 -> reranked_rank=1 | 혹시 지하철에서 데이터 연결이 잘 안 되는데 뭘 확인해봐야 하나요?
[동일] R041 (확장) baseline_rank=1 -> reranked_rank=1 | 혹시 유럽 로밍 요금제은 얼마나 나오나요?
[동일] R042 (확장) baseline_rank=1 -> reranked_rank=1 | 환승 중 로밍 요금은 언제부터 적용이 되나요?
[동일] R043 (확장) baseline_rank=1 -> reranked_rank=1 | 환승 중 로밍 요금은 신청 방법이 궁금해요.
[동일] R044 (확장) baseline_rank=1 -> reranked_rank=1 | 일본 로밍 요금제 쓰다가 데이터를 다 쓰면 어떻게 되나요?
[동일] R045 (확장) baseline_rank=1 -> reranked_rank=1 | 로밍 데이터 무제한 상품 쓰다가 데이터를 다 쓰면 어떻게 되나요?
[동일] R046 (확장) baseline_rank=1 -> reranked_rank=1 | 혹시 일본 로밍 요금제은 얼마나 나오나요?
[동일] R047 (확장) baseline_rank=1 -> reranked_rank=1 | 혹시 동남아 로밍 요금제은 얼마나 나오나요?
[동일] R048 (확장) baseline_rank=1 -> reranked_rank=1 | 로밍 데이터 무제한 상품은 언제부터 적용될까요?
[동일] R049 (확장) baseline_rank=1 -> reranked_rank=1 | 크루즈 여행 중 로밍은 어떻게 신청할까요?
[동일] R050 (확장) baseline_rank=1 -> reranked_rank=1 | 동남아 로밍 요금제은 언제부터 적용이 되나요?
[동일] R051 (확장) baseline_rank=1 -> reranked_rank=1 | 가족 통합 청구서는 어떤 방법으로 신청할 수 있나요?
[동일] R052 (확장) baseline_rank=1 -> reranked_rank=1 | 복지 요금 감면 신청는 매달 자동으로 되는 건가요?
[동일] R053 (확장) baseline_rank=1 -> reranked_rank=1 | 가족 통합 청구서 관련해서 어디에 문의하면 되나요?
[동일] R054 (확장) baseline_rank=1 -> reranked_rank=1 | 법인 명의 청구서는 매달 자동으로 되는 건가요?
[동일] R055 (확장) baseline_rank=1 -> reranked_rank=1 | 가족 통합 청구서는 매달 자동으로 적용될까요?
[동일] R056 (확장) baseline_rank=1 -> reranked_rank=1 | 미납 요금 분할 납부는 매달 자동으로 적용될까요?
[동일] R057 (확장) baseline_rank=1 -> reranked_rank=1 | 청구서 발행일 변경 관련 문의는 어디서 할까요?
[동일] R058 (확장) baseline_rank=1 -> reranked_rank=1 | 선불 요금 충전는 신청 방법이 어떻게 되나요?
[동일] R059 (확장) baseline_rank=1 -> reranked_rank=1 | 선불 요금 충전는 어떤 방법으로 신청할 수 있나요?
[동일] R060 (확장) baseline_rank=1 -> reranked_rank=1 | 요금 할인 쿠폰 적용 관련 문의는 어디서 할까요?
[동일] R061 (확장) baseline_rank=1 -> reranked_rank=1 | 선택약정 할인 해지은 시간이 얼마나 걸리나요?
[동일] R062 (확장) baseline_rank=1 -> reranked_rank=1 | 해지 후 재가입 제한기간은 시간이 얼마나 걸리나요?
[동일] R063 (확장) baseline_rank=1 -> reranked_rank=1 | 위약금 분할 납부 할 때 조심해야 할 점이 있나요?
[동일] R064 (확장) baseline_rank=1 -> reranked_rank=1 | 미성년자 명의 해지 할 때 조심해야 할 점이 있나요?
[동일] R065 (확장) baseline_rank=1 -> reranked_rank=1 | 번호이동으로 인한 자동 해지는 어떻게 처리할까요?
[동일] R066 (확장) baseline_rank=1 -> reranked_rank=1 | 선택약정 할인 해지에는 처리까지 시간이 얼마나 소요되나요?
[동일] R067 (확장) baseline_rank=1 -> reranked_rank=1 | 해지 후 재가입 제한기간는 처리 방법이 궁금해요.
[동일] R068 (확장) baseline_rank=1 -> reranked_rank=1 | 법인 회선 해지는 처리 방법이 궁금해요.
[동일] R069 (확장) baseline_rank=1 -> reranked_rank=1 | 위약금 분할 납부에는 처리까지 시간이 얼마나 소요되나요?
[동일] R070 (확장) baseline_rank=1 -> reranked_rank=1 | 결합상품 동시 해지는 어떻게 처리할까요?
[동일] R071 (확장) baseline_rank=1 -> reranked_rank=1 | 분실폰 데이터 원격 삭제 관련해서 비용이 드는지 궁금해요.
[동일] R072 (확장) baseline_rank=1 -> reranked_rank=1 | 분실폰 원격 잠금는 어떻게 해야 하나요?
[동일] R073 (확장) baseline_rank=1 -> reranked_rank=1 | 타인이 주운 휴대폰 발견 시 신고 관련 비용이 발생할까요?
[동일] R074 (확장) baseline_rank=1 -> reranked_rank=1 | 해외에서 분실 관련해서 비용이 드는지 궁금해요.
[동일] R075 (확장) baseline_rank=1 -> reranked_rank=1 | 분실 후 보험 청구는 어떻게 해야 하나요?
[동일] R076 (확장) baseline_rank=1 -> reranked_rank=1 | 분실폰 원격 잠금는 어떻게 해야 하나요?
[동일] R077 (확장) baseline_rank=1 -> reranked_rank=1 | 분실폰 원격 잠금 관련 비용이 발생할까요?
[동일] R078 (확장) baseline_rank=1 -> reranked_rank=1 | 분실폰 원격 잠금 관련해서 비용이 드는지 궁금해요.
[동일] R079 (확장) baseline_rank=1 -> reranked_rank=1 | 해외에서 분실는 어떻게 해야 하나요?
[동일] R080 (확장) baseline_rank=1 -> reranked_rank=1 | 분실 후 보험 청구는 어떻게 해야 하나요?
[동일] R081 (확장) baseline_rank=1 -> reranked_rank=1 | 영상통화 요금는 추가로 요금이 붙나요?
[동일] R082 (확장) baseline_rank=1 -> reranked_rank=1 | 컬러링 설정는 어떤 식으로 이용하면 되나요?
[동일] R083 (확장) baseline_rank=1 -> reranked_rank=1 | 부재중 전화 알림 설정는 추가로 요금이 붙나요?
[동일] R084 (확장) baseline_rank=1 -> reranked_rank=1 | 스팸 전화 자동 차단는 어떤 식으로 이용하면 되나요?
[동일] R085 (확장) baseline_rank=1 -> reranked_rank=1 | 부재중 전화 알림 설정는 이용 방법이 궁금해요.
[동일] R086 (확장) baseline_rank=1 -> reranked_rank=1 | 부재중 전화 알림 설정는 어떤 식으로 이용하면 되나요?
[동일] R087 (확장) baseline_rank=1 -> reranked_rank=1 | 스팸 전화 자동 차단는 별도 요금이 발생할까요?
[동일] R088 (확장) baseline_rank=1 -> reranked_rank=1 | 스팸 전화 자동 차단는 이용 방법이 궁금해요.
[동일] R089 (확장) baseline_rank=1 -> reranked_rank=1 | 국제문자 발송는 어떤 식으로 이용하면 되나요?
[동일] R090 (확장) baseline_rank=1 -> reranked_rank=1 | 그룹 문자 발송 제한는 별도 요금이 발생할까요?
[동일] R091 (확장) baseline_rank=1 -> reranked_rank=1 | 본인인증 재설정는 어떤 식으로 이용하면 되나요?
[동일] R092 (확장) baseline_rank=1 -> reranked_rank=1 | 개인정보 열람 신청는 어떤 식으로 이용하면 되나요?
[동일] R093 (확장) baseline_rank=1 -> reranked_rank=1 | 청각장애인 전용 상담는 이용 방법이 궁금해요.
[동일] R094 (확장) baseline_rank=1 -> reranked_rank=1 | 영상 상담 서비스는 어떤 식으로 이용하면 되나요?
[동일] R095 (확장) baseline_rank=1 -> reranked_rank=1 | 카카오톡 상담 운영시간이 궁금해요.
[동일] R096 (확장) baseline_rank=1 -> reranked_rank=1 | 챗봇 상담 운영시간은 어떻게 될까요?
[동일] R097 (확장) baseline_rank=1 -> reranked_rank=1 | 챗봇 상담 운영시간이 궁금해요.
[동일] R098 (확장) baseline_rank=1 -> reranked_rank=1 | 영상 상담 서비스 운영시간이 궁금해요.
[동일] R099 (확장) baseline_rank=1 -> reranked_rank=1 | 카카오톡 상담는 어떤 식으로 이용하면 되나요?
[동일] R100 (확장) baseline_rank=1 -> reranked_rank=1 | 개인정보 열람 신청 운영시간은 어떻게 될까요?
[동일] R101 (확장) baseline_rank=1 -> reranked_rank=1 | 웨어러블 기기 회선 개통 시 필요한 준비물이 가능한가요?
[동일] R102 (확장) baseline_rank=1 -> reranked_rank=1 | 해외 구매 단말기 개통 시 필요한 준비물이 가능한가요?
[동일] R103 (확장) baseline_rank=1 -> reranked_rank=1 | 선불폰 개통 시 필요한 준비물이 가능한가요?
[동일] R104 (확장) baseline_rank=1 -> reranked_rank=1 | 해외 구매 단말기 개통 하려면 뭘 챙겨가야 하나요?
[동일] R105 (확장) baseline_rank=1 -> reranked_rank=1 | 웨어러블 기기 회선 개통 하려면 뭘 챙겨가야 하나요?
[동일] R106 (확장) baseline_rank=1 -> reranked_rank=1 | 태블릿 데이터 전용 회선 개통 하려면 뭘 챙겨가야 하나요?
[동일] R107 (확장) baseline_rank=1 -> reranked_rank=1 | 자급제 단말기 개통 시 필요한 준비물이 가능한가요?
[동일] R108 (확장) baseline_rank=1 -> reranked_rank=1 | IoT 전용 회선 개통 시 필요한 준비물이 가능한가요?
[동일] R109 (확장) baseline_rank=1 -> reranked_rank=1 | 태블릿 데이터 전용 회선 개통는 어떻게 해야 하나요?
[동일] R110 (확장) baseline_rank=1 -> reranked_rank=1 | IoT 전용 회선 개통는 어떻게 해야 하나요?
[동일] R111 (확장) baseline_rank=1 -> reranked_rank=1 | 발신번호 표시 서비스는 어떤 방법으로 신청할 수 있나요?
[동일] R112 (확장) baseline_rank=1 -> reranked_rank=1 | 해외 발신 표시 서비스는 아이폰에서도 되나요?
[동일] R113 (확장) baseline_rank=1 -> reranked_rank=1 | 혹시 메시지 예약 발송는 아이폰에서도 되나요?
[동일] R114 (확장) baseline_rank=1 -> reranked_rank=1 | 통화 녹음 서비스는 아이폰에서도 되나요?
[동일] R115 (확장) baseline_rank=1 -> reranked_rank=1 | 혹시 해외 발신 표시 서비스는 아이폰에서도 되나요?
[동일] R116 (확장) baseline_rank=1 -> reranked_rank=1 | 해외 발신 표시 서비스는 어떤 방법으로 신청할 수 있나요?
[동일] R117 (확장) baseline_rank=1 -> reranked_rank=1 | 혹시 통화 녹음 서비스는 아이폰에서도 되나요?
[동일] R118 (확장) baseline_rank=1 -> reranked_rank=1 | 번호도용 문자 차단는 아이폰에서도 되나요?
[동일] R119 (확장) baseline_rank=1 -> reranked_rank=1 | 혹시 통화 품질 향상 서비스는 돈 안 내도 되나요?
[동일] R120 (확장) baseline_rank=1 -> reranked_rank=1 | 혹시 지능형 스팸 차단는 돈 안 내도 되나요?
[동일] R121 (확장) baseline_rank=1 -> reranked_rank=1 | 포인트 유효기간 관련 유의사항이 가능한가요?
[동일] R122 (확장) baseline_rank=1 -> reranked_rank=1 | 포인트 유효기간는 자동으로 적용될까요?
[동일] R123 (확장) baseline_rank=1 -> reranked_rank=1 | 생일 축하 쿠폰 관련해서 조심해야 할 게 있을까요?
[동일] R124 (확장) baseline_rank=1 -> reranked_rank=1 | 멤버십 제휴 할인는 어디서 확인할 수 있나요?
[동일] R125 (확장) baseline_rank=1 -> reranked_rank=1 | 포인트를 데이터로 전환는 어디서 확인할 수 있나요?
[동일] R126 (확장) baseline_rank=1 -> reranked_rank=1 | 통신사 멤버십 등급는 자동으로 적용될까요?
[동일] R127 (확장) baseline_rank=1 -> reranked_rank=1 | 포인트 유효기간 관련해서 조심해야 할 게 있을까요?
[동일] R128 (확장) baseline_rank=1 -> reranked_rank=1 | 포인트 유효기간는 어디서 확인할 수 있나요?
[동일] R129 (확장) baseline_rank=1 -> reranked_rank=1 | 포인트 유효기간는 자동으로 되는 건가요?
[동일] R130 (확장) baseline_rank=1 -> reranked_rank=1 | 포인트를 데이터로 전환 관련해서 조심해야 할 게 있을까요?
[동일] R131 (확장) baseline_rank=1 -> reranked_rank=1 | 단말기 반납 프로그램는 어디서 할까요?
[동일] R132 (확장) baseline_rank=1 -> reranked_rank=1 | 단말기 소프트웨어 업데이트는 어디 가서 하면 되나요?
[동일] R133 (확장) baseline_rank=1 -> reranked_rank=1 | 단말기 파손보험 가입 후 바로 보상받을 수 있나요?
[동일] R134 (확장) baseline_rank=1 -> reranked_rank=1 | 단말기 반납 프로그램는 어디 가서 하면 되나요?
[동일] R135 (확장) baseline_rank=1 -> reranked_rank=1 | 중고 단말기 시세 조회는 어디 가서 하면 되나요?
[동일] R136 (확장) baseline_rank=1 -> reranked_rank=1 | 혹시 공기계 등록에 돈이 드는지 궁금해요.
[동일] R137 (확장) baseline_rank=1 -> reranked_rank=1 | 혹시 단말기 파손보험에 돈이 드는지 궁금해요.
[동일] R138 (확장) baseline_rank=1 -> reranked_rank=1 | 단말기 할부금 조회에 돈이 드는지 궁금해요.
[동일] R139 (확장) baseline_rank=1 -> reranked_rank=1 | 중고 단말기 시세 조회는 어디서 할까요?
[동일] R140 (확장) baseline_rank=1 -> reranked_rank=1 | 공기계 등록는 어디 가서 하면 되나요?
[동일] R141 (확장) baseline_rank=1 -> reranked_rank=1 | 홈사물인터넷 결합의 할인 혜택이 어떻게 되나요?
[동일] R142 (확장) baseline_rank=1 -> reranked_rank=1 | 결합 해지 시 위약금은 어떻게 신청할까요?
[동일] R143 (확장) baseline_rank=1 -> reranked_rank=1 | 혹시 홈사물인터넷 결합의 할인 혜택이 어떻게 되나요?
[동일] R144 (확장) baseline_rank=1 -> reranked_rank=1 | 혹시 인터넷+휴대폰 결합의 할인 혜택이 어떻게 되나요?
[동일] R145 (확장) baseline_rank=1 -> reranked_rank=1 | 인터넷+휴대폰 결합은 어떻게 신청할까요?
[동일] R146 (확장) baseline_rank=1 -> reranked_rank=1 | 결합 해지 시 위약금은 신청 방법이 궁금해요.
[동일] R147 (확장) baseline_rank=1 -> reranked_rank=1 | 가족 결합 인원 조건의 할인 혜택이 어떻게 되나요?
[동일] R148 (확장) baseline_rank=1 -> reranked_rank=1 | 인터넷+TV+휴대폰 결합은 어떻게 신청할까요?
[동일] R149 (확장) baseline_rank=1 -> reranked_rank=1 | 결합 해지 시 위약금의 할인 혜택이 어떻게 되나요?
[동일] R150 (확장) baseline_rank=1 -> reranked_rank=1 | IPTV 단독 가입의 할인 혜택이 어떻게 되나요?
[동일] R151 (확장) baseline_rank=1 -> reranked_rank=1 | 알뜰폰 요금제 비교는 어디서 확인할 수 있나요?
[동일] R152 (확장) baseline_rank=1 -> reranked_rank=1 | 알뜰폰 요금제 비교는 어디서 확인할 수 있나요?
[동일] R153 (확장) baseline_rank=1 -> reranked_rank=1 | 알뜰폰 가입 절차 관련 문의는 어디서 할 수 있나요?
[동일] R154 (확장) baseline_rank=1 -> reranked_rank=1 | 자급제 단말기 유심 호환성 관련 문의는 어디서 할 수 있나요?
[동일] R155 (확장) baseline_rank=1 -> reranked_rank=1 | 알뜰폰에서 5G 사용 가능 여부는 어디서 확인할 수 있나요?
[동일] R156 (확장) baseline_rank=1 -> reranked_rank=1 | 자급제 단말기 유심 호환성는 어디서 확인할 수 있나요?
[동일] R157 (확장) baseline_rank=1 -> reranked_rank=1 | 알뜰폰 요금제 비교 관련해서 문의는 어디로 할까요?
[동일] R158 (확장) baseline_rank=1 -> reranked_rank=1 | 알뜰폰 가입 절차는 어디서 확인할 수 있나요?
[동일] R159 (확장) baseline_rank=1 -> reranked_rank=1 | 자급제 단말기 유심 호환성 관련해서 문의는 어디로 할까요?
[동일] R160 (확장) baseline_rank=1 -> reranked_rank=1 | 알뜰폰 가입 절차 관련해서 문의는 어디로 할까요?
[동일] R161 (확장) baseline_rank=1 -> reranked_rank=1 | 본인확인서비스(PASS) 이용 관련 문제가 있을 때는 어떻게 해야 하나요?
[동일] R162 (확장) baseline_rank=1 -> reranked_rank=1 | 명의도용 방지 서비스는 어떻게 해야 하나요?
[동일] R163 (확장) baseline_rank=1 -> reranked_rank=1 | 개인정보 제3자 제공 동의 철회는 어떻게 해야 하나요?
[악화(순위 하락, k 안에서는 유지)] R164 (확장) baseline_rank=1 -> reranked_rank=3 | 휴대폰 인증 오류는 어떻게 해야 하나요?
[동일] R165 (확장) baseline_rank=1 -> reranked_rank=1 | 명의도용 방지 서비스 관련 문제가 생기면 어떻게 할까요?
[동일] R166 (확장) baseline_rank=1 -> reranked_rank=1 | 개인정보 제3자 제공 동의 철회는 어떻게 해야 하나요?
[동일] R167 (확장) baseline_rank=1 -> reranked_rank=1 | 휴대폰 인증 오류 관련 문제가 생기면 어떻게 할까요?
[동일] R168 (확장) baseline_rank=1 -> reranked_rank=1 | 본인확인서비스(PASS) 이용는 어떻게 해야 하나요?
[동일] R169 (확장) baseline_rank=1 -> reranked_rank=1 | 본인확인서비스(PASS) 이용 관련 문제가 생기면 어떻게 할까요?
[동일] R170 (확장) baseline_rank=1 -> reranked_rank=1 | 본인확인서비스(PASS) 이용는 어떻게 해야 하나요?
[동일] R171 (확장) baseline_rank=1 -> reranked_rank=1 | 주차 가능한 매장를 찾을 수 있을까요?
[동일] R172 (확장) baseline_rank=1 -> reranked_rank=1 | 혹시 주차 가능한 매장를 찾을 수 있을까요?
[동일] R173 (확장) baseline_rank=1 -> reranked_rank=1 | 혹시 장애인 편의시설을 갖춘 매장를 찾을 수 있을까요?
[동일] R174 (확장) baseline_rank=1 -> reranked_rank=1 | 혹시 심야 운영 매장를 찾을 수 있을까요?
[동일] R175 (확장) baseline_rank=1 -> reranked_rank=1 | 장애인 편의시설을 갖춘 매장를 찾을 수 있을까요?
[동일] R176 (확장) baseline_rank=1 -> reranked_rank=1 | 심야 운영 매장를 찾을 수 있을까요?
[동일] R177 (확장) baseline_rank=1 -> reranked_rank=1 | 예약 방문 가능한 매장를 찾을 수 있을까요?
[동일] R178 (확장) baseline_rank=1 -> reranked_rank=1 | 혹시 예약 방문 가능한 매장를 찾을 수 있을까요?

======================================================================
회차 1 | 2026-09-11 17:10:32 | reranker = jina-reranker-v2 (final_k=5, buffer=10)
======================================================================
[동일] E01 (Easy) baseline_rank=1 -> reranked_rank=1 | 해외 데이터 로밍 요금은 어떻게 되나요?
[악화(순위 하락, k 안에서는 유지)] E02 (Easy) baseline_rank=3 -> reranked_rank=4 | 휴대폰을 분실하면 어떻게 해야 하나요?
[동일] E03 (Easy) baseline_rank=1 -> reranked_rank=1 | 데이터 속도가 갑자기 느려졌어요.
[개선(순위 상승)] E04 (Easy) baseline_rank=2 -> reranked_rank=1 | 데이터 사용량을 확인하고 싶어요.
[동일] E05 (Easy) baseline_rank=1 -> reranked_rank=1 | 유심을 재발급받으려면 어떻게 하나요?
[동일] E06 (Easy) baseline_rank=1 -> reranked_rank=1 | 번호를 변경하려면 어떻게 하나요?
[동일] E07 (Easy) baseline_rank=1 -> reranked_rank=1 | 이번 달 휴대폰 요금이 너무 많이 나왔어요.
[동일] E08 (Easy) baseline_rank=1 -> reranked_rank=1 | 약정 중 해지하면 위약금이 발생하나요?
[동일] E10 (Easy) baseline_rank=1 -> reranked_rank=1 | 해외에서 데이터 로밍을 차단하고 싶어요.
[동일] M01 (Medium) baseline_rank=10 -> reranked_rank=12 | 일본에서 인터넷 좀 쓰면 추가 요금 많이 붙나요?
[동일] M02 (Medium) baseline_rank=2 -> reranked_rank=2 | 폰을 어디에 뒀는지 모르겠는데 일단 아무도 못 쓰게 하고 싶어요.
[동일] M03 (Medium) baseline_rank=1 -> reranked_rank=1 | 유튜브가 갑자기 엄청 느려졌는데 데이터를 다 쓴 걸까요?
[동일] M04 (Medium) baseline_rank=1 -> reranked_rank=1 | 이번 달 인터넷 얼마나 썼는지 어디서 봐요?
[개선(k 밖이었는데 들어옴)] M05 (Medium) baseline_rank=9 -> reranked_rank=1 | 심카드를 잃어버려서 새 걸 받아야 할 것 같아요.
[개선(순위 상승)] M06 (Medium) baseline_rank=5 -> reranked_rank=2 | 새 폰을 샀는데 지금 쓰는 010 번호 계속 쓸 수 있나요?
[동일] M07 (Medium) baseline_rank=1 -> reranked_rank=1 | 평소에는 5만원인데 이번 달에는 10만원이 나왔어요.
[동일] M08 (Medium) baseline_rank=1 -> reranked_rank=1 | 계약 기간이 아직 남았는데 통신사를 옮기면 돈 내야 하나요?
[동일] M10 (Medium) baseline_rank=2 -> reranked_rank=2 | 해외에서는 와이파이만 쓰고 휴대폰 인터넷은 아예 꺼두고 싶어요.
[동일] H01 (Hard) baseline_rank=9 -> reranked_rank=12 | 일본 여행 가서 카톡이랑 유튜브 좀 쓰려고 하는데 그냥 쓰면 요금 많이 나오나요?
[동일] H02 (Hard) baseline_rank=8 -> reranked_rank=11 | 지하철에 폰을 두고 내린 것 같은데 누가 전화나 데이터를 못 쓰게 하고 싶어요.
[악화(순위 하락, k 안에서는 유지)] H03 (Hard) baseline_rank=1 -> reranked_rank=4 | 데이터 연결은 되어 있는데 영상이 거의 안 돌아가요. 이번 달 데이터를 다 써서 그런 건가요?
[동일] H04 (Hard) baseline_rank=1 -> reranked_rank=1 | 유심을 잃어버려서 지금 번호 그대로 새 유심을 받아야 하는데 어떻게 하나요?
[동일] H05 (Hard) baseline_rank=1 -> reranked_rank=1 | 통신사는 그대로 쓰고 휴대폰만 새 걸로 바꿨는데 번호를 계속 쓰려면 어떻게 해야 하나요?
[동일] H06 (Hard) baseline_rank=1 -> reranked_rank=1 | 해외여행 다녀온 뒤 이번 달 통신비가 갑자기 두 배로 나왔어요. 왜 그런가요?
[개선(순위 상승)] H07 (Hard) baseline_rank=2 -> reranked_rank=1 | 중국에 가는데 호텔 와이파이만 쓰고 실수로 데이터가 켜져서 돈 나가는 것도 막고 싶어요.
[동일] H08 (Hard) baseline_rank=1 -> reranked_rank=1 | 폰은 그대로 쓸 건데 스팸 전화가 너무 와서 제 번호 자체를 바꾸고 싶습니다.
[동일] H10 (Hard) baseline_rank=1 -> reranked_rank=1 | 약정이 6개월 남았는데 번호는 유지하면서 다른 통신사로 옮기려고 합니다. 추가로 내야 할 돈이 있나요?
[악화(순위 하락, k 안에서는 유지)] C01 (구어체) baseline_rank=1 -> reranked_rank=2 | eSIM이 정확히 뭔지 잘 모르겠는데 유심이랑 다른 거임?
[동일] C02 (구어체) baseline_rank=1 -> reranked_rank=1 | 자꾸 스팸 문자 오는데 이거 막을 방법 없나?
[동일] C03 (구어체) baseline_rank=1 -> reranked_rank=1 | 데이터 무제한으로 맘껏 쓸 수 있는 요금제 있음?
[동일] C04 (구어체) baseline_rank=1 -> reranked_rank=1 | 고객센터 몇 시까지 하는지 아는 사람?
[동일] C05 (구어체) baseline_rank=1 -> reranked_rank=1 | 폰 중고로 바꿔도 괜찮은 거지?
[동일] C06 (구어체) baseline_rank=1 -> reranked_rank=1 | 핫스팟 켜서 쓸 수 있는 거 맞죠?
[동일] C07 (구어체) baseline_rank=1 -> reranked_rank=1 | 청구서 메일로 받아보고 싶은데 가능해요?
[악화(순위 하락, k 안에서는 유지)] C08 (구어체) baseline_rank=1 -> reranked_rank=3 | 정지된 거 다시 풀려면 어떻게 해야 되나요?
[동일] C09 (구어체) baseline_rank=1 -> reranked_rank=1 | 가족끼리 묶어서 할인받는 거 신청하려면 어떻게 함?
[동일] C10 (구어체) baseline_rank=1 -> reranked_rank=1 | 번호 바꾸면 예전 번호로 온 문자는 어떻게 되는 거예요?
[악화(k 안에 있었는데 밀려남)] T01 (오타) baseline_rank=1 -> reranked_rank=8 | 번호이동 할려면 머 해야되요
[동일] T02 (오타) baseline_rank=1 -> reranked_rank=1 | 데이타 사용량 확인하는법 알려주세요
[동일] T03 (오타) baseline_rank=1 -> reranked_rank=1 | 요금이 왜케 마니나왔조
[동일] T04 (오타) baseline_rank=1 -> reranked_rank=1 | 소액결재 차단할수있나요
[동일] T05 (오타) baseline_rank=1 -> reranked_rank=1 | 특정번호 차단하는법 알고싶어요
[동일] T06 (오타) baseline_rank=1 -> reranked_rank=1 | 약정중해지하면 위약금 잇나요
[동일] T07 (오타) baseline_rank=1 -> reranked_rank=1 | 가까운매장 어떻게찾나요
[동일] T08 (오타) baseline_rank=1 -> reranked_rank=1 | 해외데이타로밍 요금이 얼마에요
[동일] T09 (오타) baseline_rank=1 -> reranked_rank=1 | 유심이 인식이 안되요 휴대폰에서
[동일] T10 (오타) baseline_rank=1 -> reranked_rank=1 | 요금제바꾸고싶은데 어떡게하나요
[동일] L01 (긴질문) baseline_rank=2 -> reranked_rank=2 | 다음 달에 유럽 여행을 가는데 거기서 인터넷을 좀 써야 할 것 같아서요. 로밍이라는 게 있다고는 들었는데 정확히 어떻게 요금이 매겨지는 건지 감이 안 와서 여쭤봐요. 데이터 요금이 어떻게 되나요?
[동일] L02 (긴질문) baseline_rank=4 -> reranked_rank=4 | 어제 출근하다가 휴대폰을 잃어버렸는데 안에 유심도 들어 있고 번호는 그대로 쓰고 싶어요. 새 유심을 받을 수 있나요?
[악화(순위 하락, k 안에서는 유지)] L03 (긴질문) baseline_rank=1 -> reranked_rank=2 | 제가 지금 2년 약정으로 쓰고 있는데 아직 6개월 정도 남았거든요. 근데 갑자기 사정이 생겨서 다른 통신사로 옮겨야 할 것 같은데, 이 경우에 위약금도 내야 하고 아직 남은 할부금도 있는 걸로 아는데 이거 어떻게 처리되는 건지 자세히 알고 싶어요.
[동일] L04 (긴질문) baseline_rank=1 -> reranked_rank=1 | 제가 예전에 데이터를 다 써서 요금이 엄청 많이 나온 적이 있었거든요. 그래서 이번에는 데이터가 다 되기 전에 미리 알 수 있으면 좋겠는데, 그런 식으로 알림 받을 수 있는 방법이 있나요?
[동일] L05 (긴질문) baseline_rank=1 -> reranked_rank=1 | 최근에 최신 스마트폰으로 바꿨는데 분명히 5G 요금제를 쓰고 있는데도 화면에 계속 LTE라고만 떠서요. 설정을 잘못 만진 건지 아니면 원래 이 지역에서 5G가 안 잡히는 건지 헷갈리는데, 왜 이런 건가요?
[악화(순위 하락, k 안에서는 유지)] L06 (긴질문) baseline_rank=2 -> reranked_rank=3 | 부모님 명의로 되어 있는 휴대폰을 제 명의로 바꾸고 싶은데, 절차가 복잡한지 궁금하고 혹시 두 사람이 같이 매장에 가야 하는 건지 아니면 온라인으로도 처리가 가능한 건지 알고 싶어요.
[동일] L07 (긴질문) baseline_rank=1 -> reranked_rank=1 | 저희 가족이 다 같은 통신사를 쓰고 있는데, 저는 데이터를 항상 남기고 동생은 항상 데이터가 부족해서 추가로 요금을 내고 있거든요. 이런 경우에 가족끼리 데이터를 나눠 쓸 수 있는 방법이 있는지 궁금해요.
[악화(순위 하락, k 안에서는 유지)] L08 (긴질문) baseline_rank=1 -> reranked_rank=3 | 이번에 해외로 몇 달 정도 나가 있을 예정이라 그동안 휴대폰을 아예 안 쓸 것 같은데, 그렇다고 완전히 해지하기는 아까워서요. 혹시 일시적으로 사용을 멈춰두는 방법이 있고, 그 기간에도 요금이 계속 나가는 건지 궁금합니다.
[동일] L09 (긴질문) baseline_rank=1 -> reranked_rank=1 | 제 폰이 eSIM이랑 일반 유심을 둘 다 지원하는 기종이라고 들었는데, 회사폰이랑 개인폰 번호를 하나의 휴대폰으로 같이 쓰고 싶어서요. 이렇게 두 개를 동시에 활성화해서 쓰는 게 가능한 건가요?
[동일] L10 (긴질문) baseline_rank=1 -> reranked_rank=1 | 제가 매달 요금제에 포함된 데이터를 거의 다 못 쓰고 남기는 편인데, 이렇게 남는 데이터가 있으면 그냥 사라지는 건지 아니면 혹시 다음 달로 넘겨서 쓸 수 있는 그런 제도가 있는지 궁금해서 여쭤봐요.
[동일] R001 (확장) baseline_rank=1 -> reranked_rank=1 | 만 65세 이상 시니어 요금제로 변경하려면 위약금이 발생할까요?
[동일] R002 (확장) baseline_rank=1 -> reranked_rank=1 | 온라인 전용 요금제를 신청하려면 어떻게 할까요?
[동일] R003 (확장) baseline_rank=1 -> reranked_rank=1 | 5G 다이렉트 44는 약정 없이도 쓸 수 있나요?
[동일] R004 (확장) baseline_rank=1 -> reranked_rank=1 | 다이렉트 요금제는 부가통화 무제한으로 쓸 수 있나요?
[동일] R005 (확장) baseline_rank=1 -> reranked_rank=1 | 혹시 LTE 선택 요금제의 기본요금이 얼마인지 궁금해요.
[동일] R006 (확장) baseline_rank=1 -> reranked_rank=1 | 온라인 전용 요금제와 다른 요금제는 뭐가 다른가요?
[동일] R007 (확장) baseline_rank=1 -> reranked_rank=1 | 혹시 복지 감면 요금제와 다른 요금제는 뭐가 다른가요?
[동일] R008 (확장) baseline_rank=1 -> reranked_rank=1 | 혹시 온라인 전용 요금제의 기본요금이 얼마인지 궁금해요.
[동일] R009 (확장) baseline_rank=1 -> reranked_rank=1 | 혹시 시니어 전용 요금제의 기본요금이 얼마인지 궁금해요.
[동일] R010 (확장) baseline_rank=1 -> reranked_rank=1 | 5G 다이렉트 25를 신청하려면 어떻게 할까요?
[동일] R011 (확장) baseline_rank=1 -> reranked_rank=1 | 세대주 명의 이전는 처리까지 얼마나 걸리나요?
[동일] R012 (확장) baseline_rank=1 -> reranked_rank=1 | 알뜰폰에서 번호이동는 처리까지 시간이 얼마나 소요되나요?
[동일] R013 (확장) baseline_rank=1 -> reranked_rank=1 | 외국인 명의 신규가입를 취소하고 싶은데 가능한가요?
[동일] R014 (확장) baseline_rank=1 -> reranked_rank=1 | 미성년자 명의 신규가입는 처리까지 얼마나 걸리나요?
[동일] R015 (확장) baseline_rank=1 -> reranked_rank=1 | 가족 회선 추가 가입를 취소하고 싶은데 가능한가요?
[동일] R016 (확장) baseline_rank=1 -> reranked_rank=1 | 세대주 명의 이전는 어떤 절차로 진행되나요?
[동일] R017 (확장) baseline_rank=1 -> reranked_rank=1 | 세대주 명의 이전는 처리까지 시간이 얼마나 소요되나요?
[동일] R018 (확장) baseline_rank=1 -> reranked_rank=1 | 자녀 명의로 회선 개설는 처리까지 얼마나 걸리나요?
[동일] R019 (확장) baseline_rank=1 -> reranked_rank=1 | 세대주 명의 이전는 어떤 절차로 진행되나요?
[동일] R020 (확장) baseline_rank=1 -> reranked_rank=1 | 타 통신사에서 번호이동 시 필요한 서류가 가능한가요?
[동일] R021 (확장) baseline_rank=1 -> reranked_rank=1 | 혹시 듀얼 eSIM 설정 비용이 얼마나 드는지 궁금해요.
[동일] R022 (확장) baseline_rank=1 -> reranked_rank=1 | eSIM QR코드 발급는 신청 방법이 어떻게 되나요?
[동일] R023 (확장) baseline_rank=1 -> reranked_rank=1 | 혹시 유심 무료 재발급 대상는 꼭 매장에 가야만 되나요?
[동일] R024 (확장) baseline_rank=1 -> reranked_rank=1 | 유심 무료 재발급 대상는 꼭 매장에 가야만 되나요?
[동일] R025 (확장) baseline_rank=1 -> reranked_rank=1 | eSIM 신규 발급 하고 나서 바로 쓸 수 있나요?
[동일] R026 (확장) baseline_rank=1 -> reranked_rank=1 | 유심 무료 재발급 대상 하고 나서 바로 쓸 수 있나요?
[동일] R027 (확장) baseline_rank=1 -> reranked_rank=1 | 혹시 eSIM QR코드 발급는 꼭 매장에 가야만 되나요?
[동일] R028 (확장) baseline_rank=1 -> reranked_rank=1 | eSIM QR코드 발급는 꼭 매장에 가야만 되나요?
[동일] R029 (확장) baseline_rank=1 -> reranked_rank=1 | 혹시 듀얼 eSIM 설정는 꼭 매장에 가야만 되나요?
[동일] R030 (확장) baseline_rank=1 -> reranked_rank=1 | 유심 크기(나노/마이크로) 변경는 어떤 방법으로 신청할 수 있나요?
[동일] R031 (확장) baseline_rank=1 -> reranked_rank=1 | 5G 커버리지 확인 문제가 생겼는데 어떻게 해결해야 하나요?
[동일] R032 (확장) baseline_rank=1 -> reranked_rank=1 | 특정 앱에서만 느린 데이터 속도 문제는 어떻게 해결할까요?
[동일] R033 (확장) baseline_rank=1 -> reranked_rank=1 | 혹시 와이파이 자동 전환이 잘 안 되는데 뭘 확인해봐야 하나요?
[동일] R034 (확장) baseline_rank=1 -> reranked_rank=1 | 5G 커버리지 확인 관련 설정을 바꾸려면 어디로 가야 하나요?
[동일] R035 (확장) baseline_rank=1 -> reranked_rank=1 | 데이터 로밍 자동 차단 문제는 어떻게 해결할까요?
[동일] R036 (확장) baseline_rank=1 -> reranked_rank=1 | 데이터 사용량 초과 후 속도 제한 문제는 어떻게 해결할까요?
[동일] R037 (확장) baseline_rank=1 -> reranked_rank=1 | 특정 앱에서만 느린 데이터 속도 관련 설정은 어디서 변경할까요?
[동일] R038 (확장) baseline_rank=1 -> reranked_rank=1 | 와이파이 자동 전환 문제는 어떻게 해결할까요?
[동일] R039 (확장) baseline_rank=1 -> reranked_rank=1 | 지하철에서 데이터 연결 문제는 어떻게 해결할까요?
[동일] R040 (확장) baseline_rank=1 -> reranked_rank=1 | 혹시 지하철에서 데이터 연결이 잘 안 되는데 뭘 확인해봐야 하나요?
[동일] R041 (확장) baseline_rank=1 -> reranked_rank=1 | 혹시 유럽 로밍 요금제은 얼마나 나오나요?
[동일] R042 (확장) baseline_rank=1 -> reranked_rank=1 | 환승 중 로밍 요금은 언제부터 적용이 되나요?
[동일] R043 (확장) baseline_rank=1 -> reranked_rank=1 | 환승 중 로밍 요금은 신청 방법이 궁금해요.
[동일] R044 (확장) baseline_rank=1 -> reranked_rank=1 | 일본 로밍 요금제 쓰다가 데이터를 다 쓰면 어떻게 되나요?
[동일] R045 (확장) baseline_rank=1 -> reranked_rank=1 | 로밍 데이터 무제한 상품 쓰다가 데이터를 다 쓰면 어떻게 되나요?
[동일] R046 (확장) baseline_rank=1 -> reranked_rank=1 | 혹시 일본 로밍 요금제은 얼마나 나오나요?
[동일] R047 (확장) baseline_rank=1 -> reranked_rank=1 | 혹시 동남아 로밍 요금제은 얼마나 나오나요?
[동일] R048 (확장) baseline_rank=1 -> reranked_rank=1 | 로밍 데이터 무제한 상품은 언제부터 적용될까요?
[동일] R049 (확장) baseline_rank=1 -> reranked_rank=1 | 크루즈 여행 중 로밍은 어떻게 신청할까요?
[동일] R050 (확장) baseline_rank=1 -> reranked_rank=1 | 동남아 로밍 요금제은 언제부터 적용이 되나요?
[동일] R051 (확장) baseline_rank=1 -> reranked_rank=1 | 가족 통합 청구서는 어떤 방법으로 신청할 수 있나요?
[동일] R052 (확장) baseline_rank=1 -> reranked_rank=1 | 복지 요금 감면 신청는 매달 자동으로 되는 건가요?
[동일] R053 (확장) baseline_rank=1 -> reranked_rank=1 | 가족 통합 청구서 관련해서 어디에 문의하면 되나요?
[동일] R054 (확장) baseline_rank=1 -> reranked_rank=1 | 법인 명의 청구서는 매달 자동으로 되는 건가요?
[동일] R055 (확장) baseline_rank=1 -> reranked_rank=1 | 가족 통합 청구서는 매달 자동으로 적용될까요?
[동일] R056 (확장) baseline_rank=1 -> reranked_rank=1 | 미납 요금 분할 납부는 매달 자동으로 적용될까요?
[동일] R057 (확장) baseline_rank=1 -> reranked_rank=1 | 청구서 발행일 변경 관련 문의는 어디서 할까요?
[동일] R058 (확장) baseline_rank=1 -> reranked_rank=1 | 선불 요금 충전는 신청 방법이 어떻게 되나요?
[동일] R059 (확장) baseline_rank=1 -> reranked_rank=1 | 선불 요금 충전는 어떤 방법으로 신청할 수 있나요?
[동일] R060 (확장) baseline_rank=1 -> reranked_rank=1 | 요금 할인 쿠폰 적용 관련 문의는 어디서 할까요?
[동일] R061 (확장) baseline_rank=1 -> reranked_rank=1 | 선택약정 할인 해지은 시간이 얼마나 걸리나요?
[동일] R062 (확장) baseline_rank=1 -> reranked_rank=1 | 해지 후 재가입 제한기간은 시간이 얼마나 걸리나요?
[동일] R063 (확장) baseline_rank=1 -> reranked_rank=1 | 위약금 분할 납부 할 때 조심해야 할 점이 있나요?
[동일] R064 (확장) baseline_rank=1 -> reranked_rank=1 | 미성년자 명의 해지 할 때 조심해야 할 점이 있나요?
[동일] R065 (확장) baseline_rank=1 -> reranked_rank=1 | 번호이동으로 인한 자동 해지는 어떻게 처리할까요?
[동일] R066 (확장) baseline_rank=1 -> reranked_rank=1 | 선택약정 할인 해지에는 처리까지 시간이 얼마나 소요되나요?
[동일] R067 (확장) baseline_rank=1 -> reranked_rank=1 | 해지 후 재가입 제한기간는 처리 방법이 궁금해요.
[동일] R068 (확장) baseline_rank=1 -> reranked_rank=1 | 법인 회선 해지는 처리 방법이 궁금해요.
[동일] R069 (확장) baseline_rank=1 -> reranked_rank=1 | 위약금 분할 납부에는 처리까지 시간이 얼마나 소요되나요?
[동일] R070 (확장) baseline_rank=1 -> reranked_rank=1 | 결합상품 동시 해지는 어떻게 처리할까요?
[동일] R071 (확장) baseline_rank=1 -> reranked_rank=1 | 분실폰 데이터 원격 삭제 관련해서 비용이 드는지 궁금해요.
[동일] R072 (확장) baseline_rank=1 -> reranked_rank=1 | 분실폰 원격 잠금는 어떻게 해야 하나요?
[동일] R073 (확장) baseline_rank=1 -> reranked_rank=1 | 타인이 주운 휴대폰 발견 시 신고 관련 비용이 발생할까요?
[동일] R074 (확장) baseline_rank=1 -> reranked_rank=1 | 해외에서 분실 관련해서 비용이 드는지 궁금해요.
[동일] R075 (확장) baseline_rank=1 -> reranked_rank=1 | 분실 후 보험 청구는 어떻게 해야 하나요?
[동일] R076 (확장) baseline_rank=1 -> reranked_rank=1 | 분실폰 원격 잠금는 어떻게 해야 하나요?
[동일] R077 (확장) baseline_rank=1 -> reranked_rank=1 | 분실폰 원격 잠금 관련 비용이 발생할까요?
[동일] R078 (확장) baseline_rank=1 -> reranked_rank=1 | 분실폰 원격 잠금 관련해서 비용이 드는지 궁금해요.
[동일] R079 (확장) baseline_rank=1 -> reranked_rank=1 | 해외에서 분실는 어떻게 해야 하나요?
[동일] R080 (확장) baseline_rank=1 -> reranked_rank=1 | 분실 후 보험 청구는 어떻게 해야 하나요?
[동일] R081 (확장) baseline_rank=1 -> reranked_rank=1 | 영상통화 요금는 추가로 요금이 붙나요?
[동일] R082 (확장) baseline_rank=1 -> reranked_rank=1 | 컬러링 설정는 어떤 식으로 이용하면 되나요?
[동일] R083 (확장) baseline_rank=1 -> reranked_rank=1 | 부재중 전화 알림 설정는 추가로 요금이 붙나요?
[동일] R084 (확장) baseline_rank=1 -> reranked_rank=1 | 스팸 전화 자동 차단는 어떤 식으로 이용하면 되나요?
[동일] R085 (확장) baseline_rank=1 -> reranked_rank=1 | 부재중 전화 알림 설정는 이용 방법이 궁금해요.
[동일] R086 (확장) baseline_rank=1 -> reranked_rank=1 | 부재중 전화 알림 설정는 어떤 식으로 이용하면 되나요?
[동일] R087 (확장) baseline_rank=1 -> reranked_rank=1 | 스팸 전화 자동 차단는 별도 요금이 발생할까요?
[동일] R088 (확장) baseline_rank=1 -> reranked_rank=1 | 스팸 전화 자동 차단는 이용 방법이 궁금해요.
[동일] R089 (확장) baseline_rank=1 -> reranked_rank=1 | 국제문자 발송는 어떤 식으로 이용하면 되나요?
[동일] R090 (확장) baseline_rank=1 -> reranked_rank=1 | 그룹 문자 발송 제한는 별도 요금이 발생할까요?
[동일] R091 (확장) baseline_rank=1 -> reranked_rank=1 | 본인인증 재설정는 어떤 식으로 이용하면 되나요?
[동일] R092 (확장) baseline_rank=1 -> reranked_rank=1 | 개인정보 열람 신청는 어떤 식으로 이용하면 되나요?
[동일] R093 (확장) baseline_rank=1 -> reranked_rank=1 | 청각장애인 전용 상담는 이용 방법이 궁금해요.
[동일] R094 (확장) baseline_rank=1 -> reranked_rank=1 | 영상 상담 서비스는 어떤 식으로 이용하면 되나요?
[동일] R095 (확장) baseline_rank=1 -> reranked_rank=1 | 카카오톡 상담 운영시간이 궁금해요.
[동일] R096 (확장) baseline_rank=1 -> reranked_rank=1 | 챗봇 상담 운영시간은 어떻게 될까요?
[동일] R097 (확장) baseline_rank=1 -> reranked_rank=1 | 챗봇 상담 운영시간이 궁금해요.
[동일] R098 (확장) baseline_rank=1 -> reranked_rank=1 | 영상 상담 서비스 운영시간이 궁금해요.
[동일] R099 (확장) baseline_rank=1 -> reranked_rank=1 | 카카오톡 상담는 어떤 식으로 이용하면 되나요?
[동일] R100 (확장) baseline_rank=1 -> reranked_rank=1 | 개인정보 열람 신청 운영시간은 어떻게 될까요?
[동일] R101 (확장) baseline_rank=1 -> reranked_rank=1 | 웨어러블 기기 회선 개통 시 필요한 준비물이 가능한가요?
[동일] R102 (확장) baseline_rank=1 -> reranked_rank=1 | 해외 구매 단말기 개통 시 필요한 준비물이 가능한가요?
[동일] R103 (확장) baseline_rank=1 -> reranked_rank=1 | 선불폰 개통 시 필요한 준비물이 가능한가요?
[동일] R104 (확장) baseline_rank=1 -> reranked_rank=1 | 해외 구매 단말기 개통 하려면 뭘 챙겨가야 하나요?
[동일] R105 (확장) baseline_rank=1 -> reranked_rank=1 | 웨어러블 기기 회선 개통 하려면 뭘 챙겨가야 하나요?
[동일] R106 (확장) baseline_rank=1 -> reranked_rank=1 | 태블릿 데이터 전용 회선 개통 하려면 뭘 챙겨가야 하나요?
[동일] R107 (확장) baseline_rank=1 -> reranked_rank=1 | 자급제 단말기 개통 시 필요한 준비물이 가능한가요?
[동일] R108 (확장) baseline_rank=1 -> reranked_rank=1 | IoT 전용 회선 개통 시 필요한 준비물이 가능한가요?
[동일] R109 (확장) baseline_rank=1 -> reranked_rank=1 | 태블릿 데이터 전용 회선 개통는 어떻게 해야 하나요?
[동일] R110 (확장) baseline_rank=1 -> reranked_rank=1 | IoT 전용 회선 개통는 어떻게 해야 하나요?
[동일] R111 (확장) baseline_rank=1 -> reranked_rank=1 | 발신번호 표시 서비스는 어떤 방법으로 신청할 수 있나요?
[동일] R112 (확장) baseline_rank=1 -> reranked_rank=1 | 해외 발신 표시 서비스는 아이폰에서도 되나요?
[동일] R113 (확장) baseline_rank=1 -> reranked_rank=1 | 혹시 메시지 예약 발송는 아이폰에서도 되나요?
[동일] R114 (확장) baseline_rank=1 -> reranked_rank=1 | 통화 녹음 서비스는 아이폰에서도 되나요?
[동일] R115 (확장) baseline_rank=1 -> reranked_rank=1 | 혹시 해외 발신 표시 서비스는 아이폰에서도 되나요?
[동일] R116 (확장) baseline_rank=1 -> reranked_rank=1 | 해외 발신 표시 서비스는 어떤 방법으로 신청할 수 있나요?
[동일] R117 (확장) baseline_rank=1 -> reranked_rank=1 | 혹시 통화 녹음 서비스는 아이폰에서도 되나요?
[동일] R118 (확장) baseline_rank=1 -> reranked_rank=1 | 번호도용 문자 차단는 아이폰에서도 되나요?
[동일] R119 (확장) baseline_rank=1 -> reranked_rank=1 | 혹시 통화 품질 향상 서비스는 돈 안 내도 되나요?
[동일] R120 (확장) baseline_rank=1 -> reranked_rank=1 | 혹시 지능형 스팸 차단는 돈 안 내도 되나요?
[동일] R121 (확장) baseline_rank=1 -> reranked_rank=1 | 포인트 유효기간 관련 유의사항이 가능한가요?
[동일] R122 (확장) baseline_rank=1 -> reranked_rank=1 | 포인트 유효기간는 자동으로 적용될까요?
[동일] R123 (확장) baseline_rank=1 -> reranked_rank=1 | 생일 축하 쿠폰 관련해서 조심해야 할 게 있을까요?
[동일] R124 (확장) baseline_rank=1 -> reranked_rank=1 | 멤버십 제휴 할인는 어디서 확인할 수 있나요?
[동일] R125 (확장) baseline_rank=1 -> reranked_rank=1 | 포인트를 데이터로 전환는 어디서 확인할 수 있나요?
[동일] R126 (확장) baseline_rank=1 -> reranked_rank=1 | 통신사 멤버십 등급는 자동으로 적용될까요?
[동일] R127 (확장) baseline_rank=1 -> reranked_rank=1 | 포인트 유효기간 관련해서 조심해야 할 게 있을까요?
[동일] R128 (확장) baseline_rank=1 -> reranked_rank=1 | 포인트 유효기간는 어디서 확인할 수 있나요?
[동일] R129 (확장) baseline_rank=1 -> reranked_rank=1 | 포인트 유효기간는 자동으로 되는 건가요?
[동일] R130 (확장) baseline_rank=1 -> reranked_rank=1 | 포인트를 데이터로 전환 관련해서 조심해야 할 게 있을까요?
[동일] R131 (확장) baseline_rank=1 -> reranked_rank=1 | 단말기 반납 프로그램는 어디서 할까요?
[동일] R132 (확장) baseline_rank=1 -> reranked_rank=1 | 단말기 소프트웨어 업데이트는 어디 가서 하면 되나요?
[동일] R133 (확장) baseline_rank=1 -> reranked_rank=1 | 단말기 파손보험 가입 후 바로 보상받을 수 있나요?
[동일] R134 (확장) baseline_rank=1 -> reranked_rank=1 | 단말기 반납 프로그램는 어디 가서 하면 되나요?
[동일] R135 (확장) baseline_rank=1 -> reranked_rank=1 | 중고 단말기 시세 조회는 어디 가서 하면 되나요?
[동일] R136 (확장) baseline_rank=1 -> reranked_rank=1 | 혹시 공기계 등록에 돈이 드는지 궁금해요.
[동일] R137 (확장) baseline_rank=1 -> reranked_rank=1 | 혹시 단말기 파손보험에 돈이 드는지 궁금해요.
[동일] R138 (확장) baseline_rank=1 -> reranked_rank=1 | 단말기 할부금 조회에 돈이 드는지 궁금해요.
[동일] R139 (확장) baseline_rank=1 -> reranked_rank=1 | 중고 단말기 시세 조회는 어디서 할까요?
[동일] R140 (확장) baseline_rank=1 -> reranked_rank=1 | 공기계 등록는 어디 가서 하면 되나요?
[동일] R141 (확장) baseline_rank=1 -> reranked_rank=1 | 홈사물인터넷 결합의 할인 혜택이 어떻게 되나요?
[동일] R142 (확장) baseline_rank=1 -> reranked_rank=1 | 결합 해지 시 위약금은 어떻게 신청할까요?
[동일] R143 (확장) baseline_rank=1 -> reranked_rank=1 | 혹시 홈사물인터넷 결합의 할인 혜택이 어떻게 되나요?
[동일] R144 (확장) baseline_rank=1 -> reranked_rank=1 | 혹시 인터넷+휴대폰 결합의 할인 혜택이 어떻게 되나요?
[동일] R145 (확장) baseline_rank=1 -> reranked_rank=1 | 인터넷+휴대폰 결합은 어떻게 신청할까요?
[동일] R146 (확장) baseline_rank=1 -> reranked_rank=1 | 결합 해지 시 위약금은 신청 방법이 궁금해요.
[동일] R147 (확장) baseline_rank=1 -> reranked_rank=1 | 가족 결합 인원 조건의 할인 혜택이 어떻게 되나요?
[동일] R148 (확장) baseline_rank=1 -> reranked_rank=1 | 인터넷+TV+휴대폰 결합은 어떻게 신청할까요?
[동일] R149 (확장) baseline_rank=1 -> reranked_rank=1 | 결합 해지 시 위약금의 할인 혜택이 어떻게 되나요?
[동일] R150 (확장) baseline_rank=1 -> reranked_rank=1 | IPTV 단독 가입의 할인 혜택이 어떻게 되나요?
[동일] R151 (확장) baseline_rank=1 -> reranked_rank=1 | 알뜰폰 요금제 비교는 어디서 확인할 수 있나요?
[동일] R152 (확장) baseline_rank=1 -> reranked_rank=1 | 알뜰폰 요금제 비교는 어디서 확인할 수 있나요?
[동일] R153 (확장) baseline_rank=1 -> reranked_rank=1 | 알뜰폰 가입 절차 관련 문의는 어디서 할 수 있나요?
[동일] R154 (확장) baseline_rank=1 -> reranked_rank=1 | 자급제 단말기 유심 호환성 관련 문의는 어디서 할 수 있나요?
[동일] R155 (확장) baseline_rank=1 -> reranked_rank=1 | 알뜰폰에서 5G 사용 가능 여부는 어디서 확인할 수 있나요?
[동일] R156 (확장) baseline_rank=1 -> reranked_rank=1 | 자급제 단말기 유심 호환성는 어디서 확인할 수 있나요?
[동일] R157 (확장) baseline_rank=1 -> reranked_rank=1 | 알뜰폰 요금제 비교 관련해서 문의는 어디로 할까요?
[동일] R158 (확장) baseline_rank=1 -> reranked_rank=1 | 알뜰폰 가입 절차는 어디서 확인할 수 있나요?
[동일] R159 (확장) baseline_rank=1 -> reranked_rank=1 | 자급제 단말기 유심 호환성 관련해서 문의는 어디로 할까요?
[동일] R160 (확장) baseline_rank=1 -> reranked_rank=1 | 알뜰폰 가입 절차 관련해서 문의는 어디로 할까요?
[동일] R161 (확장) baseline_rank=1 -> reranked_rank=1 | 본인확인서비스(PASS) 이용 관련 문제가 있을 때는 어떻게 해야 하나요?
[동일] R162 (확장) baseline_rank=1 -> reranked_rank=1 | 명의도용 방지 서비스는 어떻게 해야 하나요?
[동일] R163 (확장) baseline_rank=1 -> reranked_rank=1 | 개인정보 제3자 제공 동의 철회는 어떻게 해야 하나요?
[악화(순위 하락, k 안에서는 유지)] R164 (확장) baseline_rank=1 -> reranked_rank=3 | 휴대폰 인증 오류는 어떻게 해야 하나요?
[동일] R165 (확장) baseline_rank=1 -> reranked_rank=1 | 명의도용 방지 서비스 관련 문제가 생기면 어떻게 할까요?
[동일] R166 (확장) baseline_rank=1 -> reranked_rank=1 | 개인정보 제3자 제공 동의 철회는 어떻게 해야 하나요?
[동일] R167 (확장) baseline_rank=1 -> reranked_rank=1 | 휴대폰 인증 오류 관련 문제가 생기면 어떻게 할까요?
[동일] R168 (확장) baseline_rank=1 -> reranked_rank=1 | 본인확인서비스(PASS) 이용는 어떻게 해야 하나요?
[동일] R169 (확장) baseline_rank=1 -> reranked_rank=1 | 본인확인서비스(PASS) 이용 관련 문제가 생기면 어떻게 할까요?
[동일] R170 (확장) baseline_rank=1 -> reranked_rank=1 | 본인확인서비스(PASS) 이용는 어떻게 해야 하나요?
[동일] R171 (확장) baseline_rank=1 -> reranked_rank=1 | 주차 가능한 매장를 찾을 수 있을까요?
[동일] R172 (확장) baseline_rank=1 -> reranked_rank=1 | 혹시 주차 가능한 매장를 찾을 수 있을까요?
[동일] R173 (확장) baseline_rank=1 -> reranked_rank=1 | 혹시 장애인 편의시설을 갖춘 매장를 찾을 수 있을까요?
[동일] R174 (확장) baseline_rank=1 -> reranked_rank=1 | 혹시 심야 운영 매장를 찾을 수 있을까요?
[동일] R175 (확장) baseline_rank=1 -> reranked_rank=1 | 장애인 편의시설을 갖춘 매장를 찾을 수 있을까요?
[동일] R176 (확장) baseline_rank=1 -> reranked_rank=1 | 심야 운영 매장를 찾을 수 있을까요?
[동일] R177 (확장) baseline_rank=1 -> reranked_rank=1 | 예약 방문 가능한 매장를 찾을 수 있을까요?
[동일] R178 (확장) baseline_rank=1 -> reranked_rank=1 | 혹시 예약 방문 가능한 매장를 찾을 수 있을까요?

======================================================================
회차 1 | 2026-09-11 17:10:32 | reranker = jina-reranker-v2 (final_k=5, buffer=15)
======================================================================
[동일] E01 (Easy) baseline_rank=1 -> reranked_rank=1 | 해외 데이터 로밍 요금은 어떻게 되나요?
[악화(순위 하락, k 안에서는 유지)] E02 (Easy) baseline_rank=3 -> reranked_rank=4 | 휴대폰을 분실하면 어떻게 해야 하나요?
[동일] E03 (Easy) baseline_rank=1 -> reranked_rank=1 | 데이터 속도가 갑자기 느려졌어요.
[개선(순위 상승)] E04 (Easy) baseline_rank=2 -> reranked_rank=1 | 데이터 사용량을 확인하고 싶어요.
[동일] E05 (Easy) baseline_rank=1 -> reranked_rank=1 | 유심을 재발급받으려면 어떻게 하나요?
[동일] E06 (Easy) baseline_rank=1 -> reranked_rank=1 | 번호를 변경하려면 어떻게 하나요?
[동일] E07 (Easy) baseline_rank=1 -> reranked_rank=1 | 이번 달 휴대폰 요금이 너무 많이 나왔어요.
[동일] E08 (Easy) baseline_rank=1 -> reranked_rank=1 | 약정 중 해지하면 위약금이 발생하나요?
[동일] E10 (Easy) baseline_rank=1 -> reranked_rank=1 | 해외에서 데이터 로밍을 차단하고 싶어요.
[동일] M01 (Medium) baseline_rank=10 -> reranked_rank=16 | 일본에서 인터넷 좀 쓰면 추가 요금 많이 붙나요?
[동일] M02 (Medium) baseline_rank=2 -> reranked_rank=2 | 폰을 어디에 뒀는지 모르겠는데 일단 아무도 못 쓰게 하고 싶어요.
[동일] M03 (Medium) baseline_rank=1 -> reranked_rank=1 | 유튜브가 갑자기 엄청 느려졌는데 데이터를 다 쓴 걸까요?
[동일] M04 (Medium) baseline_rank=1 -> reranked_rank=1 | 이번 달 인터넷 얼마나 썼는지 어디서 봐요?
[개선(k 밖이었는데 들어옴)] M05 (Medium) baseline_rank=9 -> reranked_rank=1 | 심카드를 잃어버려서 새 걸 받아야 할 것 같아요.
[개선(순위 상승)] M06 (Medium) baseline_rank=5 -> reranked_rank=2 | 새 폰을 샀는데 지금 쓰는 010 번호 계속 쓸 수 있나요?
[동일] M07 (Medium) baseline_rank=1 -> reranked_rank=1 | 평소에는 5만원인데 이번 달에는 10만원이 나왔어요.
[동일] M08 (Medium) baseline_rank=1 -> reranked_rank=1 | 계약 기간이 아직 남았는데 통신사를 옮기면 돈 내야 하나요?
[동일] M10 (Medium) baseline_rank=2 -> reranked_rank=2 | 해외에서는 와이파이만 쓰고 휴대폰 인터넷은 아예 꺼두고 싶어요.
[동일] H01 (Hard) baseline_rank=9 -> reranked_rank=14 | 일본 여행 가서 카톡이랑 유튜브 좀 쓰려고 하는데 그냥 쓰면 요금 많이 나오나요?
[동일] H02 (Hard) baseline_rank=8 -> reranked_rank=11 | 지하철에 폰을 두고 내린 것 같은데 누가 전화나 데이터를 못 쓰게 하고 싶어요.
[악화(순위 하락, k 안에서는 유지)] H03 (Hard) baseline_rank=1 -> reranked_rank=5 | 데이터 연결은 되어 있는데 영상이 거의 안 돌아가요. 이번 달 데이터를 다 써서 그런 건가요?
[동일] H04 (Hard) baseline_rank=1 -> reranked_rank=1 | 유심을 잃어버려서 지금 번호 그대로 새 유심을 받아야 하는데 어떻게 하나요?
[동일] H05 (Hard) baseline_rank=1 -> reranked_rank=1 | 통신사는 그대로 쓰고 휴대폰만 새 걸로 바꿨는데 번호를 계속 쓰려면 어떻게 해야 하나요?
[동일] H06 (Hard) baseline_rank=1 -> reranked_rank=1 | 해외여행 다녀온 뒤 이번 달 통신비가 갑자기 두 배로 나왔어요. 왜 그런가요?
[개선(순위 상승)] H07 (Hard) baseline_rank=2 -> reranked_rank=1 | 중국에 가는데 호텔 와이파이만 쓰고 실수로 데이터가 켜져서 돈 나가는 것도 막고 싶어요.
[동일] H08 (Hard) baseline_rank=1 -> reranked_rank=1 | 폰은 그대로 쓸 건데 스팸 전화가 너무 와서 제 번호 자체를 바꾸고 싶습니다.
[동일] H10 (Hard) baseline_rank=1 -> reranked_rank=1 | 약정이 6개월 남았는데 번호는 유지하면서 다른 통신사로 옮기려고 합니다. 추가로 내야 할 돈이 있나요?
[악화(순위 하락, k 안에서는 유지)] C01 (구어체) baseline_rank=1 -> reranked_rank=2 | eSIM이 정확히 뭔지 잘 모르겠는데 유심이랑 다른 거임?
[동일] C02 (구어체) baseline_rank=1 -> reranked_rank=1 | 자꾸 스팸 문자 오는데 이거 막을 방법 없나?
[동일] C03 (구어체) baseline_rank=1 -> reranked_rank=1 | 데이터 무제한으로 맘껏 쓸 수 있는 요금제 있음?
[동일] C04 (구어체) baseline_rank=1 -> reranked_rank=1 | 고객센터 몇 시까지 하는지 아는 사람?
[동일] C05 (구어체) baseline_rank=1 -> reranked_rank=1 | 폰 중고로 바꿔도 괜찮은 거지?
[동일] C06 (구어체) baseline_rank=1 -> reranked_rank=1 | 핫스팟 켜서 쓸 수 있는 거 맞죠?
[동일] C07 (구어체) baseline_rank=1 -> reranked_rank=1 | 청구서 메일로 받아보고 싶은데 가능해요?
[악화(순위 하락, k 안에서는 유지)] C08 (구어체) baseline_rank=1 -> reranked_rank=4 | 정지된 거 다시 풀려면 어떻게 해야 되나요?
[동일] C09 (구어체) baseline_rank=1 -> reranked_rank=1 | 가족끼리 묶어서 할인받는 거 신청하려면 어떻게 함?
[동일] C10 (구어체) baseline_rank=1 -> reranked_rank=1 | 번호 바꾸면 예전 번호로 온 문자는 어떻게 되는 거예요?
[악화(k 안에 있었는데 밀려남)] T01 (오타) baseline_rank=1 -> reranked_rank=9 | 번호이동 할려면 머 해야되요
[동일] T02 (오타) baseline_rank=1 -> reranked_rank=1 | 데이타 사용량 확인하는법 알려주세요
[동일] T03 (오타) baseline_rank=1 -> reranked_rank=1 | 요금이 왜케 마니나왔조
[동일] T04 (오타) baseline_rank=1 -> reranked_rank=1 | 소액결재 차단할수있나요
[동일] T05 (오타) baseline_rank=1 -> reranked_rank=1 | 특정번호 차단하는법 알고싶어요
[동일] T06 (오타) baseline_rank=1 -> reranked_rank=1 | 약정중해지하면 위약금 잇나요
[동일] T07 (오타) baseline_rank=1 -> reranked_rank=1 | 가까운매장 어떻게찾나요
[동일] T08 (오타) baseline_rank=1 -> reranked_rank=1 | 해외데이타로밍 요금이 얼마에요
[동일] T09 (오타) baseline_rank=1 -> reranked_rank=1 | 유심이 인식이 안되요 휴대폰에서
[동일] T10 (오타) baseline_rank=1 -> reranked_rank=1 | 요금제바꾸고싶은데 어떡게하나요
[동일] L01 (긴질문) baseline_rank=2 -> reranked_rank=2 | 다음 달에 유럽 여행을 가는데 거기서 인터넷을 좀 써야 할 것 같아서요. 로밍이라는 게 있다고는 들었는데 정확히 어떻게 요금이 매겨지는 건지 감이 안 와서 여쭤봐요. 데이터 요금이 어떻게 되나요?
[악화(순위 하락, k 안에서는 유지)] L02 (긴질문) baseline_rank=4 -> reranked_rank=5 | 어제 출근하다가 휴대폰을 잃어버렸는데 안에 유심도 들어 있고 번호는 그대로 쓰고 싶어요. 새 유심을 받을 수 있나요?
[악화(순위 하락, k 안에서는 유지)] L03 (긴질문) baseline_rank=1 -> reranked_rank=2 | 제가 지금 2년 약정으로 쓰고 있는데 아직 6개월 정도 남았거든요. 근데 갑자기 사정이 생겨서 다른 통신사로 옮겨야 할 것 같은데, 이 경우에 위약금도 내야 하고 아직 남은 할부금도 있는 걸로 아는데 이거 어떻게 처리되는 건지 자세히 알고 싶어요.
[동일] L04 (긴질문) baseline_rank=1 -> reranked_rank=1 | 제가 예전에 데이터를 다 써서 요금이 엄청 많이 나온 적이 있었거든요. 그래서 이번에는 데이터가 다 되기 전에 미리 알 수 있으면 좋겠는데, 그런 식으로 알림 받을 수 있는 방법이 있나요?
[동일] L05 (긴질문) baseline_rank=1 -> reranked_rank=1 | 최근에 최신 스마트폰으로 바꿨는데 분명히 5G 요금제를 쓰고 있는데도 화면에 계속 LTE라고만 떠서요. 설정을 잘못 만진 건지 아니면 원래 이 지역에서 5G가 안 잡히는 건지 헷갈리는데, 왜 이런 건가요?
[악화(순위 하락, k 안에서는 유지)] L06 (긴질문) baseline_rank=2 -> reranked_rank=3 | 부모님 명의로 되어 있는 휴대폰을 제 명의로 바꾸고 싶은데, 절차가 복잡한지 궁금하고 혹시 두 사람이 같이 매장에 가야 하는 건지 아니면 온라인으로도 처리가 가능한 건지 알고 싶어요.
[동일] L07 (긴질문) baseline_rank=1 -> reranked_rank=1 | 저희 가족이 다 같은 통신사를 쓰고 있는데, 저는 데이터를 항상 남기고 동생은 항상 데이터가 부족해서 추가로 요금을 내고 있거든요. 이런 경우에 가족끼리 데이터를 나눠 쓸 수 있는 방법이 있는지 궁금해요.
[악화(순위 하락, k 안에서는 유지)] L08 (긴질문) baseline_rank=1 -> reranked_rank=3 | 이번에 해외로 몇 달 정도 나가 있을 예정이라 그동안 휴대폰을 아예 안 쓸 것 같은데, 그렇다고 완전히 해지하기는 아까워서요. 혹시 일시적으로 사용을 멈춰두는 방법이 있고, 그 기간에도 요금이 계속 나가는 건지 궁금합니다.
[동일] L09 (긴질문) baseline_rank=1 -> reranked_rank=1 | 제 폰이 eSIM이랑 일반 유심을 둘 다 지원하는 기종이라고 들었는데, 회사폰이랑 개인폰 번호를 하나의 휴대폰으로 같이 쓰고 싶어서요. 이렇게 두 개를 동시에 활성화해서 쓰는 게 가능한 건가요?
[동일] L10 (긴질문) baseline_rank=1 -> reranked_rank=1 | 제가 매달 요금제에 포함된 데이터를 거의 다 못 쓰고 남기는 편인데, 이렇게 남는 데이터가 있으면 그냥 사라지는 건지 아니면 혹시 다음 달로 넘겨서 쓸 수 있는 그런 제도가 있는지 궁금해서 여쭤봐요.
[동일] R001 (확장) baseline_rank=1 -> reranked_rank=1 | 만 65세 이상 시니어 요금제로 변경하려면 위약금이 발생할까요?
[동일] R002 (확장) baseline_rank=1 -> reranked_rank=1 | 온라인 전용 요금제를 신청하려면 어떻게 할까요?
[동일] R003 (확장) baseline_rank=1 -> reranked_rank=1 | 5G 다이렉트 44는 약정 없이도 쓸 수 있나요?
[동일] R004 (확장) baseline_rank=1 -> reranked_rank=1 | 다이렉트 요금제는 부가통화 무제한으로 쓸 수 있나요?
[동일] R005 (확장) baseline_rank=1 -> reranked_rank=1 | 혹시 LTE 선택 요금제의 기본요금이 얼마인지 궁금해요.
[동일] R006 (확장) baseline_rank=1 -> reranked_rank=1 | 온라인 전용 요금제와 다른 요금제는 뭐가 다른가요?
[동일] R007 (확장) baseline_rank=1 -> reranked_rank=1 | 혹시 복지 감면 요금제와 다른 요금제는 뭐가 다른가요?
[동일] R008 (확장) baseline_rank=1 -> reranked_rank=1 | 혹시 온라인 전용 요금제의 기본요금이 얼마인지 궁금해요.
[동일] R009 (확장) baseline_rank=1 -> reranked_rank=1 | 혹시 시니어 전용 요금제의 기본요금이 얼마인지 궁금해요.
[동일] R010 (확장) baseline_rank=1 -> reranked_rank=1 | 5G 다이렉트 25를 신청하려면 어떻게 할까요?
[동일] R011 (확장) baseline_rank=1 -> reranked_rank=1 | 세대주 명의 이전는 처리까지 얼마나 걸리나요?
[동일] R012 (확장) baseline_rank=1 -> reranked_rank=1 | 알뜰폰에서 번호이동는 처리까지 시간이 얼마나 소요되나요?
[동일] R013 (확장) baseline_rank=1 -> reranked_rank=1 | 외국인 명의 신규가입를 취소하고 싶은데 가능한가요?
[동일] R014 (확장) baseline_rank=1 -> reranked_rank=1 | 미성년자 명의 신규가입는 처리까지 얼마나 걸리나요?
[동일] R015 (확장) baseline_rank=1 -> reranked_rank=1 | 가족 회선 추가 가입를 취소하고 싶은데 가능한가요?
[동일] R016 (확장) baseline_rank=1 -> reranked_rank=1 | 세대주 명의 이전는 어떤 절차로 진행되나요?
[동일] R017 (확장) baseline_rank=1 -> reranked_rank=1 | 세대주 명의 이전는 처리까지 시간이 얼마나 소요되나요?
[동일] R018 (확장) baseline_rank=1 -> reranked_rank=1 | 자녀 명의로 회선 개설는 처리까지 얼마나 걸리나요?
[동일] R019 (확장) baseline_rank=1 -> reranked_rank=1 | 세대주 명의 이전는 어떤 절차로 진행되나요?
[동일] R020 (확장) baseline_rank=1 -> reranked_rank=1 | 타 통신사에서 번호이동 시 필요한 서류가 가능한가요?
[동일] R021 (확장) baseline_rank=1 -> reranked_rank=1 | 혹시 듀얼 eSIM 설정 비용이 얼마나 드는지 궁금해요.
[동일] R022 (확장) baseline_rank=1 -> reranked_rank=1 | eSIM QR코드 발급는 신청 방법이 어떻게 되나요?
[동일] R023 (확장) baseline_rank=1 -> reranked_rank=1 | 혹시 유심 무료 재발급 대상는 꼭 매장에 가야만 되나요?
[동일] R024 (확장) baseline_rank=1 -> reranked_rank=1 | 유심 무료 재발급 대상는 꼭 매장에 가야만 되나요?
[동일] R025 (확장) baseline_rank=1 -> reranked_rank=1 | eSIM 신규 발급 하고 나서 바로 쓸 수 있나요?
[동일] R026 (확장) baseline_rank=1 -> reranked_rank=1 | 유심 무료 재발급 대상 하고 나서 바로 쓸 수 있나요?
[동일] R027 (확장) baseline_rank=1 -> reranked_rank=1 | 혹시 eSIM QR코드 발급는 꼭 매장에 가야만 되나요?
[동일] R028 (확장) baseline_rank=1 -> reranked_rank=1 | eSIM QR코드 발급는 꼭 매장에 가야만 되나요?
[동일] R029 (확장) baseline_rank=1 -> reranked_rank=1 | 혹시 듀얼 eSIM 설정는 꼭 매장에 가야만 되나요?
[동일] R030 (확장) baseline_rank=1 -> reranked_rank=1 | 유심 크기(나노/마이크로) 변경는 어떤 방법으로 신청할 수 있나요?
[동일] R031 (확장) baseline_rank=1 -> reranked_rank=1 | 5G 커버리지 확인 문제가 생겼는데 어떻게 해결해야 하나요?
[동일] R032 (확장) baseline_rank=1 -> reranked_rank=1 | 특정 앱에서만 느린 데이터 속도 문제는 어떻게 해결할까요?
[동일] R033 (확장) baseline_rank=1 -> reranked_rank=1 | 혹시 와이파이 자동 전환이 잘 안 되는데 뭘 확인해봐야 하나요?
[동일] R034 (확장) baseline_rank=1 -> reranked_rank=1 | 5G 커버리지 확인 관련 설정을 바꾸려면 어디로 가야 하나요?
[동일] R035 (확장) baseline_rank=1 -> reranked_rank=1 | 데이터 로밍 자동 차단 문제는 어떻게 해결할까요?
[동일] R036 (확장) baseline_rank=1 -> reranked_rank=1 | 데이터 사용량 초과 후 속도 제한 문제는 어떻게 해결할까요?
[동일] R037 (확장) baseline_rank=1 -> reranked_rank=1 | 특정 앱에서만 느린 데이터 속도 관련 설정은 어디서 변경할까요?
[동일] R038 (확장) baseline_rank=1 -> reranked_rank=1 | 와이파이 자동 전환 문제는 어떻게 해결할까요?
[동일] R039 (확장) baseline_rank=1 -> reranked_rank=1 | 지하철에서 데이터 연결 문제는 어떻게 해결할까요?
[동일] R040 (확장) baseline_rank=1 -> reranked_rank=1 | 혹시 지하철에서 데이터 연결이 잘 안 되는데 뭘 확인해봐야 하나요?
[동일] R041 (확장) baseline_rank=1 -> reranked_rank=1 | 혹시 유럽 로밍 요금제은 얼마나 나오나요?
[동일] R042 (확장) baseline_rank=1 -> reranked_rank=1 | 환승 중 로밍 요금은 언제부터 적용이 되나요?
[동일] R043 (확장) baseline_rank=1 -> reranked_rank=1 | 환승 중 로밍 요금은 신청 방법이 궁금해요.
[동일] R044 (확장) baseline_rank=1 -> reranked_rank=1 | 일본 로밍 요금제 쓰다가 데이터를 다 쓰면 어떻게 되나요?
[동일] R045 (확장) baseline_rank=1 -> reranked_rank=1 | 로밍 데이터 무제한 상품 쓰다가 데이터를 다 쓰면 어떻게 되나요?
[동일] R046 (확장) baseline_rank=1 -> reranked_rank=1 | 혹시 일본 로밍 요금제은 얼마나 나오나요?
[동일] R047 (확장) baseline_rank=1 -> reranked_rank=1 | 혹시 동남아 로밍 요금제은 얼마나 나오나요?
[동일] R048 (확장) baseline_rank=1 -> reranked_rank=1 | 로밍 데이터 무제한 상품은 언제부터 적용될까요?
[동일] R049 (확장) baseline_rank=1 -> reranked_rank=1 | 크루즈 여행 중 로밍은 어떻게 신청할까요?
[동일] R050 (확장) baseline_rank=1 -> reranked_rank=1 | 동남아 로밍 요금제은 언제부터 적용이 되나요?
[동일] R051 (확장) baseline_rank=1 -> reranked_rank=1 | 가족 통합 청구서는 어떤 방법으로 신청할 수 있나요?
[동일] R052 (확장) baseline_rank=1 -> reranked_rank=1 | 복지 요금 감면 신청는 매달 자동으로 되는 건가요?
[동일] R053 (확장) baseline_rank=1 -> reranked_rank=1 | 가족 통합 청구서 관련해서 어디에 문의하면 되나요?
[동일] R054 (확장) baseline_rank=1 -> reranked_rank=1 | 법인 명의 청구서는 매달 자동으로 되는 건가요?
[동일] R055 (확장) baseline_rank=1 -> reranked_rank=1 | 가족 통합 청구서는 매달 자동으로 적용될까요?
[동일] R056 (확장) baseline_rank=1 -> reranked_rank=1 | 미납 요금 분할 납부는 매달 자동으로 적용될까요?
[동일] R057 (확장) baseline_rank=1 -> reranked_rank=1 | 청구서 발행일 변경 관련 문의는 어디서 할까요?
[동일] R058 (확장) baseline_rank=1 -> reranked_rank=1 | 선불 요금 충전는 신청 방법이 어떻게 되나요?
[동일] R059 (확장) baseline_rank=1 -> reranked_rank=1 | 선불 요금 충전는 어떤 방법으로 신청할 수 있나요?
[동일] R060 (확장) baseline_rank=1 -> reranked_rank=1 | 요금 할인 쿠폰 적용 관련 문의는 어디서 할까요?
[동일] R061 (확장) baseline_rank=1 -> reranked_rank=1 | 선택약정 할인 해지은 시간이 얼마나 걸리나요?
[동일] R062 (확장) baseline_rank=1 -> reranked_rank=1 | 해지 후 재가입 제한기간은 시간이 얼마나 걸리나요?
[동일] R063 (확장) baseline_rank=1 -> reranked_rank=1 | 위약금 분할 납부 할 때 조심해야 할 점이 있나요?
[동일] R064 (확장) baseline_rank=1 -> reranked_rank=1 | 미성년자 명의 해지 할 때 조심해야 할 점이 있나요?
[동일] R065 (확장) baseline_rank=1 -> reranked_rank=1 | 번호이동으로 인한 자동 해지는 어떻게 처리할까요?
[동일] R066 (확장) baseline_rank=1 -> reranked_rank=1 | 선택약정 할인 해지에는 처리까지 시간이 얼마나 소요되나요?
[동일] R067 (확장) baseline_rank=1 -> reranked_rank=1 | 해지 후 재가입 제한기간는 처리 방법이 궁금해요.
[동일] R068 (확장) baseline_rank=1 -> reranked_rank=1 | 법인 회선 해지는 처리 방법이 궁금해요.
[동일] R069 (확장) baseline_rank=1 -> reranked_rank=1 | 위약금 분할 납부에는 처리까지 시간이 얼마나 소요되나요?
[동일] R070 (확장) baseline_rank=1 -> reranked_rank=1 | 결합상품 동시 해지는 어떻게 처리할까요?
[동일] R071 (확장) baseline_rank=1 -> reranked_rank=1 | 분실폰 데이터 원격 삭제 관련해서 비용이 드는지 궁금해요.
[동일] R072 (확장) baseline_rank=1 -> reranked_rank=1 | 분실폰 원격 잠금는 어떻게 해야 하나요?
[동일] R073 (확장) baseline_rank=1 -> reranked_rank=1 | 타인이 주운 휴대폰 발견 시 신고 관련 비용이 발생할까요?
[동일] R074 (확장) baseline_rank=1 -> reranked_rank=1 | 해외에서 분실 관련해서 비용이 드는지 궁금해요.
[동일] R075 (확장) baseline_rank=1 -> reranked_rank=1 | 분실 후 보험 청구는 어떻게 해야 하나요?
[동일] R076 (확장) baseline_rank=1 -> reranked_rank=1 | 분실폰 원격 잠금는 어떻게 해야 하나요?
[동일] R077 (확장) baseline_rank=1 -> reranked_rank=1 | 분실폰 원격 잠금 관련 비용이 발생할까요?
[동일] R078 (확장) baseline_rank=1 -> reranked_rank=1 | 분실폰 원격 잠금 관련해서 비용이 드는지 궁금해요.
[동일] R079 (확장) baseline_rank=1 -> reranked_rank=1 | 해외에서 분실는 어떻게 해야 하나요?
[동일] R080 (확장) baseline_rank=1 -> reranked_rank=1 | 분실 후 보험 청구는 어떻게 해야 하나요?
[동일] R081 (확장) baseline_rank=1 -> reranked_rank=1 | 영상통화 요금는 추가로 요금이 붙나요?
[동일] R082 (확장) baseline_rank=1 -> reranked_rank=1 | 컬러링 설정는 어떤 식으로 이용하면 되나요?
[동일] R083 (확장) baseline_rank=1 -> reranked_rank=1 | 부재중 전화 알림 설정는 추가로 요금이 붙나요?
[동일] R084 (확장) baseline_rank=1 -> reranked_rank=1 | 스팸 전화 자동 차단는 어떤 식으로 이용하면 되나요?
[동일] R085 (확장) baseline_rank=1 -> reranked_rank=1 | 부재중 전화 알림 설정는 이용 방법이 궁금해요.
[동일] R086 (확장) baseline_rank=1 -> reranked_rank=1 | 부재중 전화 알림 설정는 어떤 식으로 이용하면 되나요?
[동일] R087 (확장) baseline_rank=1 -> reranked_rank=1 | 스팸 전화 자동 차단는 별도 요금이 발생할까요?
[동일] R088 (확장) baseline_rank=1 -> reranked_rank=1 | 스팸 전화 자동 차단는 이용 방법이 궁금해요.
[동일] R089 (확장) baseline_rank=1 -> reranked_rank=1 | 국제문자 발송는 어떤 식으로 이용하면 되나요?
[동일] R090 (확장) baseline_rank=1 -> reranked_rank=1 | 그룹 문자 발송 제한는 별도 요금이 발생할까요?
[동일] R091 (확장) baseline_rank=1 -> reranked_rank=1 | 본인인증 재설정는 어떤 식으로 이용하면 되나요?
[동일] R092 (확장) baseline_rank=1 -> reranked_rank=1 | 개인정보 열람 신청는 어떤 식으로 이용하면 되나요?
[동일] R093 (확장) baseline_rank=1 -> reranked_rank=1 | 청각장애인 전용 상담는 이용 방법이 궁금해요.
[동일] R094 (확장) baseline_rank=1 -> reranked_rank=1 | 영상 상담 서비스는 어떤 식으로 이용하면 되나요?
[동일] R095 (확장) baseline_rank=1 -> reranked_rank=1 | 카카오톡 상담 운영시간이 궁금해요.
[동일] R096 (확장) baseline_rank=1 -> reranked_rank=1 | 챗봇 상담 운영시간은 어떻게 될까요?
[동일] R097 (확장) baseline_rank=1 -> reranked_rank=1 | 챗봇 상담 운영시간이 궁금해요.
[동일] R098 (확장) baseline_rank=1 -> reranked_rank=1 | 영상 상담 서비스 운영시간이 궁금해요.
[동일] R099 (확장) baseline_rank=1 -> reranked_rank=1 | 카카오톡 상담는 어떤 식으로 이용하면 되나요?
[동일] R100 (확장) baseline_rank=1 -> reranked_rank=1 | 개인정보 열람 신청 운영시간은 어떻게 될까요?
[동일] R101 (확장) baseline_rank=1 -> reranked_rank=1 | 웨어러블 기기 회선 개통 시 필요한 준비물이 가능한가요?
[동일] R102 (확장) baseline_rank=1 -> reranked_rank=1 | 해외 구매 단말기 개통 시 필요한 준비물이 가능한가요?
[동일] R103 (확장) baseline_rank=1 -> reranked_rank=1 | 선불폰 개통 시 필요한 준비물이 가능한가요?
[동일] R104 (확장) baseline_rank=1 -> reranked_rank=1 | 해외 구매 단말기 개통 하려면 뭘 챙겨가야 하나요?
[동일] R105 (확장) baseline_rank=1 -> reranked_rank=1 | 웨어러블 기기 회선 개통 하려면 뭘 챙겨가야 하나요?
[동일] R106 (확장) baseline_rank=1 -> reranked_rank=1 | 태블릿 데이터 전용 회선 개통 하려면 뭘 챙겨가야 하나요?
[동일] R107 (확장) baseline_rank=1 -> reranked_rank=1 | 자급제 단말기 개통 시 필요한 준비물이 가능한가요?
[동일] R108 (확장) baseline_rank=1 -> reranked_rank=1 | IoT 전용 회선 개통 시 필요한 준비물이 가능한가요?
[동일] R109 (확장) baseline_rank=1 -> reranked_rank=1 | 태블릿 데이터 전용 회선 개통는 어떻게 해야 하나요?
[동일] R110 (확장) baseline_rank=1 -> reranked_rank=1 | IoT 전용 회선 개통는 어떻게 해야 하나요?
[동일] R111 (확장) baseline_rank=1 -> reranked_rank=1 | 발신번호 표시 서비스는 어떤 방법으로 신청할 수 있나요?
[동일] R112 (확장) baseline_rank=1 -> reranked_rank=1 | 해외 발신 표시 서비스는 아이폰에서도 되나요?
[동일] R113 (확장) baseline_rank=1 -> reranked_rank=1 | 혹시 메시지 예약 발송는 아이폰에서도 되나요?
[동일] R114 (확장) baseline_rank=1 -> reranked_rank=1 | 통화 녹음 서비스는 아이폰에서도 되나요?
[동일] R115 (확장) baseline_rank=1 -> reranked_rank=1 | 혹시 해외 발신 표시 서비스는 아이폰에서도 되나요?
[동일] R116 (확장) baseline_rank=1 -> reranked_rank=1 | 해외 발신 표시 서비스는 어떤 방법으로 신청할 수 있나요?
[동일] R117 (확장) baseline_rank=1 -> reranked_rank=1 | 혹시 통화 녹음 서비스는 아이폰에서도 되나요?
[동일] R118 (확장) baseline_rank=1 -> reranked_rank=1 | 번호도용 문자 차단는 아이폰에서도 되나요?
[동일] R119 (확장) baseline_rank=1 -> reranked_rank=1 | 혹시 통화 품질 향상 서비스는 돈 안 내도 되나요?
[동일] R120 (확장) baseline_rank=1 -> reranked_rank=1 | 혹시 지능형 스팸 차단는 돈 안 내도 되나요?
[동일] R121 (확장) baseline_rank=1 -> reranked_rank=1 | 포인트 유효기간 관련 유의사항이 가능한가요?
[동일] R122 (확장) baseline_rank=1 -> reranked_rank=1 | 포인트 유효기간는 자동으로 적용될까요?
[동일] R123 (확장) baseline_rank=1 -> reranked_rank=1 | 생일 축하 쿠폰 관련해서 조심해야 할 게 있을까요?
[동일] R124 (확장) baseline_rank=1 -> reranked_rank=1 | 멤버십 제휴 할인는 어디서 확인할 수 있나요?
[동일] R125 (확장) baseline_rank=1 -> reranked_rank=1 | 포인트를 데이터로 전환는 어디서 확인할 수 있나요?
[동일] R126 (확장) baseline_rank=1 -> reranked_rank=1 | 통신사 멤버십 등급는 자동으로 적용될까요?
[동일] R127 (확장) baseline_rank=1 -> reranked_rank=1 | 포인트 유효기간 관련해서 조심해야 할 게 있을까요?
[동일] R128 (확장) baseline_rank=1 -> reranked_rank=1 | 포인트 유효기간는 어디서 확인할 수 있나요?
[동일] R129 (확장) baseline_rank=1 -> reranked_rank=1 | 포인트 유효기간는 자동으로 되는 건가요?
[동일] R130 (확장) baseline_rank=1 -> reranked_rank=1 | 포인트를 데이터로 전환 관련해서 조심해야 할 게 있을까요?
[동일] R131 (확장) baseline_rank=1 -> reranked_rank=1 | 단말기 반납 프로그램는 어디서 할까요?
[동일] R132 (확장) baseline_rank=1 -> reranked_rank=1 | 단말기 소프트웨어 업데이트는 어디 가서 하면 되나요?
[동일] R133 (확장) baseline_rank=1 -> reranked_rank=1 | 단말기 파손보험 가입 후 바로 보상받을 수 있나요?
[동일] R134 (확장) baseline_rank=1 -> reranked_rank=1 | 단말기 반납 프로그램는 어디 가서 하면 되나요?
[동일] R135 (확장) baseline_rank=1 -> reranked_rank=1 | 중고 단말기 시세 조회는 어디 가서 하면 되나요?
[동일] R136 (확장) baseline_rank=1 -> reranked_rank=1 | 혹시 공기계 등록에 돈이 드는지 궁금해요.
[동일] R137 (확장) baseline_rank=1 -> reranked_rank=1 | 혹시 단말기 파손보험에 돈이 드는지 궁금해요.
[동일] R138 (확장) baseline_rank=1 -> reranked_rank=1 | 단말기 할부금 조회에 돈이 드는지 궁금해요.
[동일] R139 (확장) baseline_rank=1 -> reranked_rank=1 | 중고 단말기 시세 조회는 어디서 할까요?
[동일] R140 (확장) baseline_rank=1 -> reranked_rank=1 | 공기계 등록는 어디 가서 하면 되나요?
[동일] R141 (확장) baseline_rank=1 -> reranked_rank=1 | 홈사물인터넷 결합의 할인 혜택이 어떻게 되나요?
[동일] R142 (확장) baseline_rank=1 -> reranked_rank=1 | 결합 해지 시 위약금은 어떻게 신청할까요?
[동일] R143 (확장) baseline_rank=1 -> reranked_rank=1 | 혹시 홈사물인터넷 결합의 할인 혜택이 어떻게 되나요?
[동일] R144 (확장) baseline_rank=1 -> reranked_rank=1 | 혹시 인터넷+휴대폰 결합의 할인 혜택이 어떻게 되나요?
[동일] R145 (확장) baseline_rank=1 -> reranked_rank=1 | 인터넷+휴대폰 결합은 어떻게 신청할까요?
[동일] R146 (확장) baseline_rank=1 -> reranked_rank=1 | 결합 해지 시 위약금은 신청 방법이 궁금해요.
[동일] R147 (확장) baseline_rank=1 -> reranked_rank=1 | 가족 결합 인원 조건의 할인 혜택이 어떻게 되나요?
[동일] R148 (확장) baseline_rank=1 -> reranked_rank=1 | 인터넷+TV+휴대폰 결합은 어떻게 신청할까요?
[동일] R149 (확장) baseline_rank=1 -> reranked_rank=1 | 결합 해지 시 위약금의 할인 혜택이 어떻게 되나요?
[동일] R150 (확장) baseline_rank=1 -> reranked_rank=1 | IPTV 단독 가입의 할인 혜택이 어떻게 되나요?
[동일] R151 (확장) baseline_rank=1 -> reranked_rank=1 | 알뜰폰 요금제 비교는 어디서 확인할 수 있나요?
[동일] R152 (확장) baseline_rank=1 -> reranked_rank=1 | 알뜰폰 요금제 비교는 어디서 확인할 수 있나요?
[동일] R153 (확장) baseline_rank=1 -> reranked_rank=1 | 알뜰폰 가입 절차 관련 문의는 어디서 할 수 있나요?
[동일] R154 (확장) baseline_rank=1 -> reranked_rank=1 | 자급제 단말기 유심 호환성 관련 문의는 어디서 할 수 있나요?
[동일] R155 (확장) baseline_rank=1 -> reranked_rank=1 | 알뜰폰에서 5G 사용 가능 여부는 어디서 확인할 수 있나요?
[동일] R156 (확장) baseline_rank=1 -> reranked_rank=1 | 자급제 단말기 유심 호환성는 어디서 확인할 수 있나요?
[동일] R157 (확장) baseline_rank=1 -> reranked_rank=1 | 알뜰폰 요금제 비교 관련해서 문의는 어디로 할까요?
[동일] R158 (확장) baseline_rank=1 -> reranked_rank=1 | 알뜰폰 가입 절차는 어디서 확인할 수 있나요?
[동일] R159 (확장) baseline_rank=1 -> reranked_rank=1 | 자급제 단말기 유심 호환성 관련해서 문의는 어디로 할까요?
[동일] R160 (확장) baseline_rank=1 -> reranked_rank=1 | 알뜰폰 가입 절차 관련해서 문의는 어디로 할까요?
[동일] R161 (확장) baseline_rank=1 -> reranked_rank=1 | 본인확인서비스(PASS) 이용 관련 문제가 있을 때는 어떻게 해야 하나요?
[동일] R162 (확장) baseline_rank=1 -> reranked_rank=1 | 명의도용 방지 서비스는 어떻게 해야 하나요?
[동일] R163 (확장) baseline_rank=1 -> reranked_rank=1 | 개인정보 제3자 제공 동의 철회는 어떻게 해야 하나요?
[악화(순위 하락, k 안에서는 유지)] R164 (확장) baseline_rank=1 -> reranked_rank=3 | 휴대폰 인증 오류는 어떻게 해야 하나요?
[동일] R165 (확장) baseline_rank=1 -> reranked_rank=1 | 명의도용 방지 서비스 관련 문제가 생기면 어떻게 할까요?
[동일] R166 (확장) baseline_rank=1 -> reranked_rank=1 | 개인정보 제3자 제공 동의 철회는 어떻게 해야 하나요?
[동일] R167 (확장) baseline_rank=1 -> reranked_rank=1 | 휴대폰 인증 오류 관련 문제가 생기면 어떻게 할까요?
[동일] R168 (확장) baseline_rank=1 -> reranked_rank=1 | 본인확인서비스(PASS) 이용는 어떻게 해야 하나요?
[동일] R169 (확장) baseline_rank=1 -> reranked_rank=1 | 본인확인서비스(PASS) 이용 관련 문제가 생기면 어떻게 할까요?
[동일] R170 (확장) baseline_rank=1 -> reranked_rank=1 | 본인확인서비스(PASS) 이용는 어떻게 해야 하나요?
[동일] R171 (확장) baseline_rank=1 -> reranked_rank=1 | 주차 가능한 매장를 찾을 수 있을까요?
[동일] R172 (확장) baseline_rank=1 -> reranked_rank=1 | 혹시 주차 가능한 매장를 찾을 수 있을까요?
[동일] R173 (확장) baseline_rank=1 -> reranked_rank=1 | 혹시 장애인 편의시설을 갖춘 매장를 찾을 수 있을까요?
[동일] R174 (확장) baseline_rank=1 -> reranked_rank=1 | 혹시 심야 운영 매장를 찾을 수 있을까요?
[동일] R175 (확장) baseline_rank=1 -> reranked_rank=1 | 장애인 편의시설을 갖춘 매장를 찾을 수 있을까요?
[동일] R176 (확장) baseline_rank=1 -> reranked_rank=1 | 심야 운영 매장를 찾을 수 있을까요?
[동일] R177 (확장) baseline_rank=1 -> reranked_rank=1 | 예약 방문 가능한 매장를 찾을 수 있을까요?
[동일] R178 (확장) baseline_rank=1 -> reranked_rank=1 | 혹시 예약 방문 가능한 매장를 찾을 수 있을까요?

======================================================================
회차 1 | 2026-09-11 17:10:32 | reranker = jina-reranker-v2 (final_k=5, buffer=20)
======================================================================
[동일] E01 (Easy) baseline_rank=1 -> reranked_rank=1 | 해외 데이터 로밍 요금은 어떻게 되나요?
[악화(순위 하락, k 안에서는 유지)] E02 (Easy) baseline_rank=3 -> reranked_rank=4 | 휴대폰을 분실하면 어떻게 해야 하나요?
[동일] E03 (Easy) baseline_rank=1 -> reranked_rank=1 | 데이터 속도가 갑자기 느려졌어요.
[개선(순위 상승)] E04 (Easy) baseline_rank=2 -> reranked_rank=1 | 데이터 사용량을 확인하고 싶어요.
[동일] E05 (Easy) baseline_rank=1 -> reranked_rank=1 | 유심을 재발급받으려면 어떻게 하나요?
[동일] E06 (Easy) baseline_rank=1 -> reranked_rank=1 | 번호를 변경하려면 어떻게 하나요?
[동일] E07 (Easy) baseline_rank=1 -> reranked_rank=1 | 이번 달 휴대폰 요금이 너무 많이 나왔어요.
[동일] E08 (Easy) baseline_rank=1 -> reranked_rank=1 | 약정 중 해지하면 위약금이 발생하나요?
[동일] E10 (Easy) baseline_rank=1 -> reranked_rank=1 | 해외에서 데이터 로밍을 차단하고 싶어요.
[동일] M01 (Medium) baseline_rank=10 -> reranked_rank=18 | 일본에서 인터넷 좀 쓰면 추가 요금 많이 붙나요?
[동일] M02 (Medium) baseline_rank=2 -> reranked_rank=2 | 폰을 어디에 뒀는지 모르겠는데 일단 아무도 못 쓰게 하고 싶어요.
[동일] M03 (Medium) baseline_rank=1 -> reranked_rank=1 | 유튜브가 갑자기 엄청 느려졌는데 데이터를 다 쓴 걸까요?
[동일] M04 (Medium) baseline_rank=1 -> reranked_rank=1 | 이번 달 인터넷 얼마나 썼는지 어디서 봐요?
[개선(k 밖이었는데 들어옴)] M05 (Medium) baseline_rank=9 -> reranked_rank=1 | 심카드를 잃어버려서 새 걸 받아야 할 것 같아요.
[개선(순위 상승)] M06 (Medium) baseline_rank=5 -> reranked_rank=3 | 새 폰을 샀는데 지금 쓰는 010 번호 계속 쓸 수 있나요?
[동일] M07 (Medium) baseline_rank=1 -> reranked_rank=1 | 평소에는 5만원인데 이번 달에는 10만원이 나왔어요.
[동일] M08 (Medium) baseline_rank=1 -> reranked_rank=1 | 계약 기간이 아직 남았는데 통신사를 옮기면 돈 내야 하나요?
[동일] M10 (Medium) baseline_rank=2 -> reranked_rank=2 | 해외에서는 와이파이만 쓰고 휴대폰 인터넷은 아예 꺼두고 싶어요.
[동일] H01 (Hard) baseline_rank=9 -> reranked_rank=17 | 일본 여행 가서 카톡이랑 유튜브 좀 쓰려고 하는데 그냥 쓰면 요금 많이 나오나요?
[동일] H02 (Hard) baseline_rank=8 -> reranked_rank=11 | 지하철에 폰을 두고 내린 것 같은데 누가 전화나 데이터를 못 쓰게 하고 싶어요.
[악화(순위 하락, k 안에서는 유지)] H03 (Hard) baseline_rank=1 -> reranked_rank=5 | 데이터 연결은 되어 있는데 영상이 거의 안 돌아가요. 이번 달 데이터를 다 써서 그런 건가요?
[동일] H04 (Hard) baseline_rank=1 -> reranked_rank=1 | 유심을 잃어버려서 지금 번호 그대로 새 유심을 받아야 하는데 어떻게 하나요?
[동일] H05 (Hard) baseline_rank=1 -> reranked_rank=1 | 통신사는 그대로 쓰고 휴대폰만 새 걸로 바꿨는데 번호를 계속 쓰려면 어떻게 해야 하나요?
[동일] H06 (Hard) baseline_rank=1 -> reranked_rank=1 | 해외여행 다녀온 뒤 이번 달 통신비가 갑자기 두 배로 나왔어요. 왜 그런가요?
[개선(순위 상승)] H07 (Hard) baseline_rank=2 -> reranked_rank=1 | 중국에 가는데 호텔 와이파이만 쓰고 실수로 데이터가 켜져서 돈 나가는 것도 막고 싶어요.
[동일] H08 (Hard) baseline_rank=1 -> reranked_rank=1 | 폰은 그대로 쓸 건데 스팸 전화가 너무 와서 제 번호 자체를 바꾸고 싶습니다.
[동일] H10 (Hard) baseline_rank=1 -> reranked_rank=1 | 약정이 6개월 남았는데 번호는 유지하면서 다른 통신사로 옮기려고 합니다. 추가로 내야 할 돈이 있나요?
[악화(순위 하락, k 안에서는 유지)] C01 (구어체) baseline_rank=1 -> reranked_rank=2 | eSIM이 정확히 뭔지 잘 모르겠는데 유심이랑 다른 거임?
[동일] C02 (구어체) baseline_rank=1 -> reranked_rank=1 | 자꾸 스팸 문자 오는데 이거 막을 방법 없나?
[동일] C03 (구어체) baseline_rank=1 -> reranked_rank=1 | 데이터 무제한으로 맘껏 쓸 수 있는 요금제 있음?
[동일] C04 (구어체) baseline_rank=1 -> reranked_rank=1 | 고객센터 몇 시까지 하는지 아는 사람?
[동일] C05 (구어체) baseline_rank=1 -> reranked_rank=1 | 폰 중고로 바꿔도 괜찮은 거지?
[동일] C06 (구어체) baseline_rank=1 -> reranked_rank=1 | 핫스팟 켜서 쓸 수 있는 거 맞죠?
[동일] C07 (구어체) baseline_rank=1 -> reranked_rank=1 | 청구서 메일로 받아보고 싶은데 가능해요?
[악화(순위 하락, k 안에서는 유지)] C08 (구어체) baseline_rank=1 -> reranked_rank=5 | 정지된 거 다시 풀려면 어떻게 해야 되나요?
[동일] C09 (구어체) baseline_rank=1 -> reranked_rank=1 | 가족끼리 묶어서 할인받는 거 신청하려면 어떻게 함?
[동일] C10 (구어체) baseline_rank=1 -> reranked_rank=1 | 번호 바꾸면 예전 번호로 온 문자는 어떻게 되는 거예요?
[악화(k 안에 있었는데 밀려남)] T01 (오타) baseline_rank=1 -> reranked_rank=11 | 번호이동 할려면 머 해야되요
[동일] T02 (오타) baseline_rank=1 -> reranked_rank=1 | 데이타 사용량 확인하는법 알려주세요
[동일] T03 (오타) baseline_rank=1 -> reranked_rank=1 | 요금이 왜케 마니나왔조
[동일] T04 (오타) baseline_rank=1 -> reranked_rank=1 | 소액결재 차단할수있나요
[동일] T05 (오타) baseline_rank=1 -> reranked_rank=1 | 특정번호 차단하는법 알고싶어요
[동일] T06 (오타) baseline_rank=1 -> reranked_rank=1 | 약정중해지하면 위약금 잇나요
[동일] T07 (오타) baseline_rank=1 -> reranked_rank=1 | 가까운매장 어떻게찾나요
[동일] T08 (오타) baseline_rank=1 -> reranked_rank=1 | 해외데이타로밍 요금이 얼마에요
[동일] T09 (오타) baseline_rank=1 -> reranked_rank=1 | 유심이 인식이 안되요 휴대폰에서
[동일] T10 (오타) baseline_rank=1 -> reranked_rank=1 | 요금제바꾸고싶은데 어떡게하나요
[동일] L01 (긴질문) baseline_rank=2 -> reranked_rank=2 | 다음 달에 유럽 여행을 가는데 거기서 인터넷을 좀 써야 할 것 같아서요. 로밍이라는 게 있다고는 들었는데 정확히 어떻게 요금이 매겨지는 건지 감이 안 와서 여쭤봐요. 데이터 요금이 어떻게 되나요?
[악화(순위 하락, k 안에서는 유지)] L02 (긴질문) baseline_rank=4 -> reranked_rank=5 | 어제 출근하다가 휴대폰을 잃어버렸는데 안에 유심도 들어 있고 번호는 그대로 쓰고 싶어요. 새 유심을 받을 수 있나요?
[악화(순위 하락, k 안에서는 유지)] L03 (긴질문) baseline_rank=1 -> reranked_rank=2 | 제가 지금 2년 약정으로 쓰고 있는데 아직 6개월 정도 남았거든요. 근데 갑자기 사정이 생겨서 다른 통신사로 옮겨야 할 것 같은데, 이 경우에 위약금도 내야 하고 아직 남은 할부금도 있는 걸로 아는데 이거 어떻게 처리되는 건지 자세히 알고 싶어요.
[동일] L04 (긴질문) baseline_rank=1 -> reranked_rank=1 | 제가 예전에 데이터를 다 써서 요금이 엄청 많이 나온 적이 있었거든요. 그래서 이번에는 데이터가 다 되기 전에 미리 알 수 있으면 좋겠는데, 그런 식으로 알림 받을 수 있는 방법이 있나요?
[동일] L05 (긴질문) baseline_rank=1 -> reranked_rank=1 | 최근에 최신 스마트폰으로 바꿨는데 분명히 5G 요금제를 쓰고 있는데도 화면에 계속 LTE라고만 떠서요. 설정을 잘못 만진 건지 아니면 원래 이 지역에서 5G가 안 잡히는 건지 헷갈리는데, 왜 이런 건가요?
[악화(순위 하락, k 안에서는 유지)] L06 (긴질문) baseline_rank=2 -> reranked_rank=3 | 부모님 명의로 되어 있는 휴대폰을 제 명의로 바꾸고 싶은데, 절차가 복잡한지 궁금하고 혹시 두 사람이 같이 매장에 가야 하는 건지 아니면 온라인으로도 처리가 가능한 건지 알고 싶어요.
[동일] L07 (긴질문) baseline_rank=1 -> reranked_rank=1 | 저희 가족이 다 같은 통신사를 쓰고 있는데, 저는 데이터를 항상 남기고 동생은 항상 데이터가 부족해서 추가로 요금을 내고 있거든요. 이런 경우에 가족끼리 데이터를 나눠 쓸 수 있는 방법이 있는지 궁금해요.
[악화(순위 하락, k 안에서는 유지)] L08 (긴질문) baseline_rank=1 -> reranked_rank=3 | 이번에 해외로 몇 달 정도 나가 있을 예정이라 그동안 휴대폰을 아예 안 쓸 것 같은데, 그렇다고 완전히 해지하기는 아까워서요. 혹시 일시적으로 사용을 멈춰두는 방법이 있고, 그 기간에도 요금이 계속 나가는 건지 궁금합니다.
[동일] L09 (긴질문) baseline_rank=1 -> reranked_rank=1 | 제 폰이 eSIM이랑 일반 유심을 둘 다 지원하는 기종이라고 들었는데, 회사폰이랑 개인폰 번호를 하나의 휴대폰으로 같이 쓰고 싶어서요. 이렇게 두 개를 동시에 활성화해서 쓰는 게 가능한 건가요?
[동일] L10 (긴질문) baseline_rank=1 -> reranked_rank=1 | 제가 매달 요금제에 포함된 데이터를 거의 다 못 쓰고 남기는 편인데, 이렇게 남는 데이터가 있으면 그냥 사라지는 건지 아니면 혹시 다음 달로 넘겨서 쓸 수 있는 그런 제도가 있는지 궁금해서 여쭤봐요.
[동일] R001 (확장) baseline_rank=1 -> reranked_rank=1 | 만 65세 이상 시니어 요금제로 변경하려면 위약금이 발생할까요?
[동일] R002 (확장) baseline_rank=1 -> reranked_rank=1 | 온라인 전용 요금제를 신청하려면 어떻게 할까요?
[동일] R003 (확장) baseline_rank=1 -> reranked_rank=1 | 5G 다이렉트 44는 약정 없이도 쓸 수 있나요?
[동일] R004 (확장) baseline_rank=1 -> reranked_rank=1 | 다이렉트 요금제는 부가통화 무제한으로 쓸 수 있나요?
[동일] R005 (확장) baseline_rank=1 -> reranked_rank=1 | 혹시 LTE 선택 요금제의 기본요금이 얼마인지 궁금해요.
[동일] R006 (확장) baseline_rank=1 -> reranked_rank=1 | 온라인 전용 요금제와 다른 요금제는 뭐가 다른가요?
[동일] R007 (확장) baseline_rank=1 -> reranked_rank=1 | 혹시 복지 감면 요금제와 다른 요금제는 뭐가 다른가요?
[동일] R008 (확장) baseline_rank=1 -> reranked_rank=1 | 혹시 온라인 전용 요금제의 기본요금이 얼마인지 궁금해요.
[동일] R009 (확장) baseline_rank=1 -> reranked_rank=1 | 혹시 시니어 전용 요금제의 기본요금이 얼마인지 궁금해요.
[동일] R010 (확장) baseline_rank=1 -> reranked_rank=1 | 5G 다이렉트 25를 신청하려면 어떻게 할까요?
[동일] R011 (확장) baseline_rank=1 -> reranked_rank=1 | 세대주 명의 이전는 처리까지 얼마나 걸리나요?
[동일] R012 (확장) baseline_rank=1 -> reranked_rank=1 | 알뜰폰에서 번호이동는 처리까지 시간이 얼마나 소요되나요?
[동일] R013 (확장) baseline_rank=1 -> reranked_rank=1 | 외국인 명의 신규가입를 취소하고 싶은데 가능한가요?
[동일] R014 (확장) baseline_rank=1 -> reranked_rank=1 | 미성년자 명의 신규가입는 처리까지 얼마나 걸리나요?
[동일] R015 (확장) baseline_rank=1 -> reranked_rank=1 | 가족 회선 추가 가입를 취소하고 싶은데 가능한가요?
[동일] R016 (확장) baseline_rank=1 -> reranked_rank=1 | 세대주 명의 이전는 어떤 절차로 진행되나요?
[동일] R017 (확장) baseline_rank=1 -> reranked_rank=1 | 세대주 명의 이전는 처리까지 시간이 얼마나 소요되나요?
[동일] R018 (확장) baseline_rank=1 -> reranked_rank=1 | 자녀 명의로 회선 개설는 처리까지 얼마나 걸리나요?
[동일] R019 (확장) baseline_rank=1 -> reranked_rank=1 | 세대주 명의 이전는 어떤 절차로 진행되나요?
[동일] R020 (확장) baseline_rank=1 -> reranked_rank=1 | 타 통신사에서 번호이동 시 필요한 서류가 가능한가요?
[동일] R021 (확장) baseline_rank=1 -> reranked_rank=1 | 혹시 듀얼 eSIM 설정 비용이 얼마나 드는지 궁금해요.
[동일] R022 (확장) baseline_rank=1 -> reranked_rank=1 | eSIM QR코드 발급는 신청 방법이 어떻게 되나요?
[동일] R023 (확장) baseline_rank=1 -> reranked_rank=1 | 혹시 유심 무료 재발급 대상는 꼭 매장에 가야만 되나요?
[동일] R024 (확장) baseline_rank=1 -> reranked_rank=1 | 유심 무료 재발급 대상는 꼭 매장에 가야만 되나요?
[동일] R025 (확장) baseline_rank=1 -> reranked_rank=1 | eSIM 신규 발급 하고 나서 바로 쓸 수 있나요?
[동일] R026 (확장) baseline_rank=1 -> reranked_rank=1 | 유심 무료 재발급 대상 하고 나서 바로 쓸 수 있나요?
[동일] R027 (확장) baseline_rank=1 -> reranked_rank=1 | 혹시 eSIM QR코드 발급는 꼭 매장에 가야만 되나요?
[동일] R028 (확장) baseline_rank=1 -> reranked_rank=1 | eSIM QR코드 발급는 꼭 매장에 가야만 되나요?
[동일] R029 (확장) baseline_rank=1 -> reranked_rank=1 | 혹시 듀얼 eSIM 설정는 꼭 매장에 가야만 되나요?
[동일] R030 (확장) baseline_rank=1 -> reranked_rank=1 | 유심 크기(나노/마이크로) 변경는 어떤 방법으로 신청할 수 있나요?
[동일] R031 (확장) baseline_rank=1 -> reranked_rank=1 | 5G 커버리지 확인 문제가 생겼는데 어떻게 해결해야 하나요?
[동일] R032 (확장) baseline_rank=1 -> reranked_rank=1 | 특정 앱에서만 느린 데이터 속도 문제는 어떻게 해결할까요?
[동일] R033 (확장) baseline_rank=1 -> reranked_rank=1 | 혹시 와이파이 자동 전환이 잘 안 되는데 뭘 확인해봐야 하나요?
[동일] R034 (확장) baseline_rank=1 -> reranked_rank=1 | 5G 커버리지 확인 관련 설정을 바꾸려면 어디로 가야 하나요?
[동일] R035 (확장) baseline_rank=1 -> reranked_rank=1 | 데이터 로밍 자동 차단 문제는 어떻게 해결할까요?
[동일] R036 (확장) baseline_rank=1 -> reranked_rank=1 | 데이터 사용량 초과 후 속도 제한 문제는 어떻게 해결할까요?
[동일] R037 (확장) baseline_rank=1 -> reranked_rank=1 | 특정 앱에서만 느린 데이터 속도 관련 설정은 어디서 변경할까요?
[동일] R038 (확장) baseline_rank=1 -> reranked_rank=1 | 와이파이 자동 전환 문제는 어떻게 해결할까요?
[동일] R039 (확장) baseline_rank=1 -> reranked_rank=1 | 지하철에서 데이터 연결 문제는 어떻게 해결할까요?
[동일] R040 (확장) baseline_rank=1 -> reranked_rank=1 | 혹시 지하철에서 데이터 연결이 잘 안 되는데 뭘 확인해봐야 하나요?
[동일] R041 (확장) baseline_rank=1 -> reranked_rank=1 | 혹시 유럽 로밍 요금제은 얼마나 나오나요?
[동일] R042 (확장) baseline_rank=1 -> reranked_rank=1 | 환승 중 로밍 요금은 언제부터 적용이 되나요?
[동일] R043 (확장) baseline_rank=1 -> reranked_rank=1 | 환승 중 로밍 요금은 신청 방법이 궁금해요.
[동일] R044 (확장) baseline_rank=1 -> reranked_rank=1 | 일본 로밍 요금제 쓰다가 데이터를 다 쓰면 어떻게 되나요?
[동일] R045 (확장) baseline_rank=1 -> reranked_rank=1 | 로밍 데이터 무제한 상품 쓰다가 데이터를 다 쓰면 어떻게 되나요?
[동일] R046 (확장) baseline_rank=1 -> reranked_rank=1 | 혹시 일본 로밍 요금제은 얼마나 나오나요?
[동일] R047 (확장) baseline_rank=1 -> reranked_rank=1 | 혹시 동남아 로밍 요금제은 얼마나 나오나요?
[동일] R048 (확장) baseline_rank=1 -> reranked_rank=1 | 로밍 데이터 무제한 상품은 언제부터 적용될까요?
[동일] R049 (확장) baseline_rank=1 -> reranked_rank=1 | 크루즈 여행 중 로밍은 어떻게 신청할까요?
[동일] R050 (확장) baseline_rank=1 -> reranked_rank=1 | 동남아 로밍 요금제은 언제부터 적용이 되나요?
[동일] R051 (확장) baseline_rank=1 -> reranked_rank=1 | 가족 통합 청구서는 어떤 방법으로 신청할 수 있나요?
[동일] R052 (확장) baseline_rank=1 -> reranked_rank=1 | 복지 요금 감면 신청는 매달 자동으로 되는 건가요?
[동일] R053 (확장) baseline_rank=1 -> reranked_rank=1 | 가족 통합 청구서 관련해서 어디에 문의하면 되나요?
[동일] R054 (확장) baseline_rank=1 -> reranked_rank=1 | 법인 명의 청구서는 매달 자동으로 되는 건가요?
[동일] R055 (확장) baseline_rank=1 -> reranked_rank=1 | 가족 통합 청구서는 매달 자동으로 적용될까요?
[동일] R056 (확장) baseline_rank=1 -> reranked_rank=1 | 미납 요금 분할 납부는 매달 자동으로 적용될까요?
[동일] R057 (확장) baseline_rank=1 -> reranked_rank=1 | 청구서 발행일 변경 관련 문의는 어디서 할까요?
[동일] R058 (확장) baseline_rank=1 -> reranked_rank=1 | 선불 요금 충전는 신청 방법이 어떻게 되나요?
[동일] R059 (확장) baseline_rank=1 -> reranked_rank=1 | 선불 요금 충전는 어떤 방법으로 신청할 수 있나요?
[동일] R060 (확장) baseline_rank=1 -> reranked_rank=1 | 요금 할인 쿠폰 적용 관련 문의는 어디서 할까요?
[동일] R061 (확장) baseline_rank=1 -> reranked_rank=1 | 선택약정 할인 해지은 시간이 얼마나 걸리나요?
[동일] R062 (확장) baseline_rank=1 -> reranked_rank=1 | 해지 후 재가입 제한기간은 시간이 얼마나 걸리나요?
[동일] R063 (확장) baseline_rank=1 -> reranked_rank=1 | 위약금 분할 납부 할 때 조심해야 할 점이 있나요?
[동일] R064 (확장) baseline_rank=1 -> reranked_rank=1 | 미성년자 명의 해지 할 때 조심해야 할 점이 있나요?
[동일] R065 (확장) baseline_rank=1 -> reranked_rank=1 | 번호이동으로 인한 자동 해지는 어떻게 처리할까요?
[동일] R066 (확장) baseline_rank=1 -> reranked_rank=1 | 선택약정 할인 해지에는 처리까지 시간이 얼마나 소요되나요?
[동일] R067 (확장) baseline_rank=1 -> reranked_rank=1 | 해지 후 재가입 제한기간는 처리 방법이 궁금해요.
[동일] R068 (확장) baseline_rank=1 -> reranked_rank=1 | 법인 회선 해지는 처리 방법이 궁금해요.
[동일] R069 (확장) baseline_rank=1 -> reranked_rank=1 | 위약금 분할 납부에는 처리까지 시간이 얼마나 소요되나요?
[동일] R070 (확장) baseline_rank=1 -> reranked_rank=1 | 결합상품 동시 해지는 어떻게 처리할까요?
[동일] R071 (확장) baseline_rank=1 -> reranked_rank=1 | 분실폰 데이터 원격 삭제 관련해서 비용이 드는지 궁금해요.
[동일] R072 (확장) baseline_rank=1 -> reranked_rank=1 | 분실폰 원격 잠금는 어떻게 해야 하나요?
[동일] R073 (확장) baseline_rank=1 -> reranked_rank=1 | 타인이 주운 휴대폰 발견 시 신고 관련 비용이 발생할까요?
[동일] R074 (확장) baseline_rank=1 -> reranked_rank=1 | 해외에서 분실 관련해서 비용이 드는지 궁금해요.
[동일] R075 (확장) baseline_rank=1 -> reranked_rank=1 | 분실 후 보험 청구는 어떻게 해야 하나요?
[동일] R076 (확장) baseline_rank=1 -> reranked_rank=1 | 분실폰 원격 잠금는 어떻게 해야 하나요?
[동일] R077 (확장) baseline_rank=1 -> reranked_rank=1 | 분실폰 원격 잠금 관련 비용이 발생할까요?
[동일] R078 (확장) baseline_rank=1 -> reranked_rank=1 | 분실폰 원격 잠금 관련해서 비용이 드는지 궁금해요.
[동일] R079 (확장) baseline_rank=1 -> reranked_rank=1 | 해외에서 분실는 어떻게 해야 하나요?
[동일] R080 (확장) baseline_rank=1 -> reranked_rank=1 | 분실 후 보험 청구는 어떻게 해야 하나요?
[동일] R081 (확장) baseline_rank=1 -> reranked_rank=1 | 영상통화 요금는 추가로 요금이 붙나요?
[동일] R082 (확장) baseline_rank=1 -> reranked_rank=1 | 컬러링 설정는 어떤 식으로 이용하면 되나요?
[동일] R083 (확장) baseline_rank=1 -> reranked_rank=1 | 부재중 전화 알림 설정는 추가로 요금이 붙나요?
[동일] R084 (확장) baseline_rank=1 -> reranked_rank=1 | 스팸 전화 자동 차단는 어떤 식으로 이용하면 되나요?
[동일] R085 (확장) baseline_rank=1 -> reranked_rank=1 | 부재중 전화 알림 설정는 이용 방법이 궁금해요.
[동일] R086 (확장) baseline_rank=1 -> reranked_rank=1 | 부재중 전화 알림 설정는 어떤 식으로 이용하면 되나요?
[동일] R087 (확장) baseline_rank=1 -> reranked_rank=1 | 스팸 전화 자동 차단는 별도 요금이 발생할까요?
[동일] R088 (확장) baseline_rank=1 -> reranked_rank=1 | 스팸 전화 자동 차단는 이용 방법이 궁금해요.
[동일] R089 (확장) baseline_rank=1 -> reranked_rank=1 | 국제문자 발송는 어떤 식으로 이용하면 되나요?
[동일] R090 (확장) baseline_rank=1 -> reranked_rank=1 | 그룹 문자 발송 제한는 별도 요금이 발생할까요?
[동일] R091 (확장) baseline_rank=1 -> reranked_rank=1 | 본인인증 재설정는 어떤 식으로 이용하면 되나요?
[동일] R092 (확장) baseline_rank=1 -> reranked_rank=1 | 개인정보 열람 신청는 어떤 식으로 이용하면 되나요?
[동일] R093 (확장) baseline_rank=1 -> reranked_rank=1 | 청각장애인 전용 상담는 이용 방법이 궁금해요.
[동일] R094 (확장) baseline_rank=1 -> reranked_rank=1 | 영상 상담 서비스는 어떤 식으로 이용하면 되나요?
[동일] R095 (확장) baseline_rank=1 -> reranked_rank=1 | 카카오톡 상담 운영시간이 궁금해요.
[동일] R096 (확장) baseline_rank=1 -> reranked_rank=1 | 챗봇 상담 운영시간은 어떻게 될까요?
[동일] R097 (확장) baseline_rank=1 -> reranked_rank=1 | 챗봇 상담 운영시간이 궁금해요.
[동일] R098 (확장) baseline_rank=1 -> reranked_rank=1 | 영상 상담 서비스 운영시간이 궁금해요.
[동일] R099 (확장) baseline_rank=1 -> reranked_rank=1 | 카카오톡 상담는 어떤 식으로 이용하면 되나요?
[동일] R100 (확장) baseline_rank=1 -> reranked_rank=1 | 개인정보 열람 신청 운영시간은 어떻게 될까요?
[동일] R101 (확장) baseline_rank=1 -> reranked_rank=1 | 웨어러블 기기 회선 개통 시 필요한 준비물이 가능한가요?
[동일] R102 (확장) baseline_rank=1 -> reranked_rank=1 | 해외 구매 단말기 개통 시 필요한 준비물이 가능한가요?
[동일] R103 (확장) baseline_rank=1 -> reranked_rank=1 | 선불폰 개통 시 필요한 준비물이 가능한가요?
[동일] R104 (확장) baseline_rank=1 -> reranked_rank=1 | 해외 구매 단말기 개통 하려면 뭘 챙겨가야 하나요?
[동일] R105 (확장) baseline_rank=1 -> reranked_rank=1 | 웨어러블 기기 회선 개통 하려면 뭘 챙겨가야 하나요?
[동일] R106 (확장) baseline_rank=1 -> reranked_rank=1 | 태블릿 데이터 전용 회선 개통 하려면 뭘 챙겨가야 하나요?
[동일] R107 (확장) baseline_rank=1 -> reranked_rank=1 | 자급제 단말기 개통 시 필요한 준비물이 가능한가요?
[동일] R108 (확장) baseline_rank=1 -> reranked_rank=1 | IoT 전용 회선 개통 시 필요한 준비물이 가능한가요?
[동일] R109 (확장) baseline_rank=1 -> reranked_rank=1 | 태블릿 데이터 전용 회선 개통는 어떻게 해야 하나요?
[동일] R110 (확장) baseline_rank=1 -> reranked_rank=1 | IoT 전용 회선 개통는 어떻게 해야 하나요?
[동일] R111 (확장) baseline_rank=1 -> reranked_rank=1 | 발신번호 표시 서비스는 어떤 방법으로 신청할 수 있나요?
[동일] R112 (확장) baseline_rank=1 -> reranked_rank=1 | 해외 발신 표시 서비스는 아이폰에서도 되나요?
[동일] R113 (확장) baseline_rank=1 -> reranked_rank=1 | 혹시 메시지 예약 발송는 아이폰에서도 되나요?
[동일] R114 (확장) baseline_rank=1 -> reranked_rank=1 | 통화 녹음 서비스는 아이폰에서도 되나요?
[동일] R115 (확장) baseline_rank=1 -> reranked_rank=1 | 혹시 해외 발신 표시 서비스는 아이폰에서도 되나요?
[동일] R116 (확장) baseline_rank=1 -> reranked_rank=1 | 해외 발신 표시 서비스는 어떤 방법으로 신청할 수 있나요?
[동일] R117 (확장) baseline_rank=1 -> reranked_rank=1 | 혹시 통화 녹음 서비스는 아이폰에서도 되나요?
[동일] R118 (확장) baseline_rank=1 -> reranked_rank=1 | 번호도용 문자 차단는 아이폰에서도 되나요?
[동일] R119 (확장) baseline_rank=1 -> reranked_rank=1 | 혹시 통화 품질 향상 서비스는 돈 안 내도 되나요?
[동일] R120 (확장) baseline_rank=1 -> reranked_rank=1 | 혹시 지능형 스팸 차단는 돈 안 내도 되나요?
[동일] R121 (확장) baseline_rank=1 -> reranked_rank=1 | 포인트 유효기간 관련 유의사항이 가능한가요?
[동일] R122 (확장) baseline_rank=1 -> reranked_rank=1 | 포인트 유효기간는 자동으로 적용될까요?
[동일] R123 (확장) baseline_rank=1 -> reranked_rank=1 | 생일 축하 쿠폰 관련해서 조심해야 할 게 있을까요?
[동일] R124 (확장) baseline_rank=1 -> reranked_rank=1 | 멤버십 제휴 할인는 어디서 확인할 수 있나요?
[동일] R125 (확장) baseline_rank=1 -> reranked_rank=1 | 포인트를 데이터로 전환는 어디서 확인할 수 있나요?
[동일] R126 (확장) baseline_rank=1 -> reranked_rank=1 | 통신사 멤버십 등급는 자동으로 적용될까요?
[동일] R127 (확장) baseline_rank=1 -> reranked_rank=1 | 포인트 유효기간 관련해서 조심해야 할 게 있을까요?
[동일] R128 (확장) baseline_rank=1 -> reranked_rank=1 | 포인트 유효기간는 어디서 확인할 수 있나요?
[동일] R129 (확장) baseline_rank=1 -> reranked_rank=1 | 포인트 유효기간는 자동으로 되는 건가요?
[동일] R130 (확장) baseline_rank=1 -> reranked_rank=1 | 포인트를 데이터로 전환 관련해서 조심해야 할 게 있을까요?
[동일] R131 (확장) baseline_rank=1 -> reranked_rank=1 | 단말기 반납 프로그램는 어디서 할까요?
[동일] R132 (확장) baseline_rank=1 -> reranked_rank=1 | 단말기 소프트웨어 업데이트는 어디 가서 하면 되나요?
[동일] R133 (확장) baseline_rank=1 -> reranked_rank=1 | 단말기 파손보험 가입 후 바로 보상받을 수 있나요?
[동일] R134 (확장) baseline_rank=1 -> reranked_rank=1 | 단말기 반납 프로그램는 어디 가서 하면 되나요?
[동일] R135 (확장) baseline_rank=1 -> reranked_rank=1 | 중고 단말기 시세 조회는 어디 가서 하면 되나요?
[동일] R136 (확장) baseline_rank=1 -> reranked_rank=1 | 혹시 공기계 등록에 돈이 드는지 궁금해요.
[동일] R137 (확장) baseline_rank=1 -> reranked_rank=1 | 혹시 단말기 파손보험에 돈이 드는지 궁금해요.
[동일] R138 (확장) baseline_rank=1 -> reranked_rank=1 | 단말기 할부금 조회에 돈이 드는지 궁금해요.
[동일] R139 (확장) baseline_rank=1 -> reranked_rank=1 | 중고 단말기 시세 조회는 어디서 할까요?
[동일] R140 (확장) baseline_rank=1 -> reranked_rank=1 | 공기계 등록는 어디 가서 하면 되나요?
[동일] R141 (확장) baseline_rank=1 -> reranked_rank=1 | 홈사물인터넷 결합의 할인 혜택이 어떻게 되나요?
[동일] R142 (확장) baseline_rank=1 -> reranked_rank=1 | 결합 해지 시 위약금은 어떻게 신청할까요?
[동일] R143 (확장) baseline_rank=1 -> reranked_rank=1 | 혹시 홈사물인터넷 결합의 할인 혜택이 어떻게 되나요?
[동일] R144 (확장) baseline_rank=1 -> reranked_rank=1 | 혹시 인터넷+휴대폰 결합의 할인 혜택이 어떻게 되나요?
[동일] R145 (확장) baseline_rank=1 -> reranked_rank=1 | 인터넷+휴대폰 결합은 어떻게 신청할까요?
[동일] R146 (확장) baseline_rank=1 -> reranked_rank=1 | 결합 해지 시 위약금은 신청 방법이 궁금해요.
[동일] R147 (확장) baseline_rank=1 -> reranked_rank=1 | 가족 결합 인원 조건의 할인 혜택이 어떻게 되나요?
[동일] R148 (확장) baseline_rank=1 -> reranked_rank=1 | 인터넷+TV+휴대폰 결합은 어떻게 신청할까요?
[동일] R149 (확장) baseline_rank=1 -> reranked_rank=1 | 결합 해지 시 위약금의 할인 혜택이 어떻게 되나요?
[동일] R150 (확장) baseline_rank=1 -> reranked_rank=1 | IPTV 단독 가입의 할인 혜택이 어떻게 되나요?
[동일] R151 (확장) baseline_rank=1 -> reranked_rank=1 | 알뜰폰 요금제 비교는 어디서 확인할 수 있나요?
[동일] R152 (확장) baseline_rank=1 -> reranked_rank=1 | 알뜰폰 요금제 비교는 어디서 확인할 수 있나요?
[동일] R153 (확장) baseline_rank=1 -> reranked_rank=1 | 알뜰폰 가입 절차 관련 문의는 어디서 할 수 있나요?
[동일] R154 (확장) baseline_rank=1 -> reranked_rank=1 | 자급제 단말기 유심 호환성 관련 문의는 어디서 할 수 있나요?
[동일] R155 (확장) baseline_rank=1 -> reranked_rank=1 | 알뜰폰에서 5G 사용 가능 여부는 어디서 확인할 수 있나요?
[동일] R156 (확장) baseline_rank=1 -> reranked_rank=1 | 자급제 단말기 유심 호환성는 어디서 확인할 수 있나요?
[동일] R157 (확장) baseline_rank=1 -> reranked_rank=1 | 알뜰폰 요금제 비교 관련해서 문의는 어디로 할까요?
[동일] R158 (확장) baseline_rank=1 -> reranked_rank=1 | 알뜰폰 가입 절차는 어디서 확인할 수 있나요?
[동일] R159 (확장) baseline_rank=1 -> reranked_rank=1 | 자급제 단말기 유심 호환성 관련해서 문의는 어디로 할까요?
[동일] R160 (확장) baseline_rank=1 -> reranked_rank=1 | 알뜰폰 가입 절차 관련해서 문의는 어디로 할까요?
[동일] R161 (확장) baseline_rank=1 -> reranked_rank=1 | 본인확인서비스(PASS) 이용 관련 문제가 있을 때는 어떻게 해야 하나요?
[동일] R162 (확장) baseline_rank=1 -> reranked_rank=1 | 명의도용 방지 서비스는 어떻게 해야 하나요?
[동일] R163 (확장) baseline_rank=1 -> reranked_rank=1 | 개인정보 제3자 제공 동의 철회는 어떻게 해야 하나요?
[악화(순위 하락, k 안에서는 유지)] R164 (확장) baseline_rank=1 -> reranked_rank=3 | 휴대폰 인증 오류는 어떻게 해야 하나요?
[동일] R165 (확장) baseline_rank=1 -> reranked_rank=1 | 명의도용 방지 서비스 관련 문제가 생기면 어떻게 할까요?
[동일] R166 (확장) baseline_rank=1 -> reranked_rank=1 | 개인정보 제3자 제공 동의 철회는 어떻게 해야 하나요?
[동일] R167 (확장) baseline_rank=1 -> reranked_rank=1 | 휴대폰 인증 오류 관련 문제가 생기면 어떻게 할까요?
[동일] R168 (확장) baseline_rank=1 -> reranked_rank=1 | 본인확인서비스(PASS) 이용는 어떻게 해야 하나요?
[동일] R169 (확장) baseline_rank=1 -> reranked_rank=1 | 본인확인서비스(PASS) 이용 관련 문제가 생기면 어떻게 할까요?
[동일] R170 (확장) baseline_rank=1 -> reranked_rank=1 | 본인확인서비스(PASS) 이용는 어떻게 해야 하나요?
[동일] R171 (확장) baseline_rank=1 -> reranked_rank=1 | 주차 가능한 매장를 찾을 수 있을까요?
[동일] R172 (확장) baseline_rank=1 -> reranked_rank=1 | 혹시 주차 가능한 매장를 찾을 수 있을까요?
[동일] R173 (확장) baseline_rank=1 -> reranked_rank=1 | 혹시 장애인 편의시설을 갖춘 매장를 찾을 수 있을까요?
[동일] R174 (확장) baseline_rank=1 -> reranked_rank=1 | 혹시 심야 운영 매장를 찾을 수 있을까요?
[동일] R175 (확장) baseline_rank=1 -> reranked_rank=1 | 장애인 편의시설을 갖춘 매장를 찾을 수 있을까요?
[동일] R176 (확장) baseline_rank=1 -> reranked_rank=1 | 심야 운영 매장를 찾을 수 있을까요?
[동일] R177 (확장) baseline_rank=1 -> reranked_rank=1 | 예약 방문 가능한 매장를 찾을 수 있을까요?
[동일] R178 (확장) baseline_rank=1 -> reranked_rank=1 | 혹시 예약 방문 가능한 매장를 찾을 수 있을까요?
